id;Ability;DefensiveAbility;DivisionRank;Fitness;GKPosExperience;LMPosExperience;Nation;OffensiveAbility;PlayerChemistry;PlayerMotivation;Name;Position;RMPosExperience;Routine;RoutineRank;STPosExperience;Team;TeamPlayerID;Image
1;1.6765217987702705e-34;1.29329710184609;0;1.0;0.75;0.75;Italien;2.0620049300530505;0.9;0.9557846659338066;Albrieto Gassi;F;0.75;0;0.0;1.0;GC;GC1;Albrieto_Gassi.png
2;1.2507092552115202e-30;1.330104403128911;;1.0;0.75;0.75;Kuba;1.64444582326659;1.16666666666667;0.8384839813389867;Alejandro Fuilleca;F;0.75;0;0.0;1.0;MÖS;MÖS1;Alejandro_Fuilleca.png
3;4.5801537760381783e-38;5.861504821274141;;1.0;0.75;1.0;Vitryssland;3.568802730802229;0.998;0.9584577172249101;Alex Petri;VM;0.75;26;0.30952380952381;0.75;KÄ;KÄ1;Alex_Petri.png
4;2.50448635735938e-32;3.43782957580878;;1.0;1.0;0.75;Afghanistan;2.28447152968527;1.264;1.0;Ali Abdul;MV;0.75;25;0.297619047619048;0.75;CJ;CJ1;Ali_Abdul.png
5;4.597038206362951e-40;5.540410633958991;19;1.0;0.75;0.75;Grekland;4.251456587965592;0.92;0.8918497139713598;Ali Polly;F;0.75;6;0.0714285714285714;1.0;SSL;SSL1;Ali_Polly.png
6;3.53251975173484e-36;4.82688040185416;;1.0;0.75;0.75;Paraguay;3.628159101615521;1.192;0.985253174117533;Arturo D'cruz;HM;1.0;0;0.0;0.75;TW;TW1;Arturo_D'cruz.png
7;1.3496162927958402e-34;1.3251561153051916;;1.0;0.75;1.0;Paraguay;1.7840764702864904;1.028;1.0;Ascencion Sala;VM;0.75;2;0.0238095238095238;0.75;CHA;CHA1;Ascencion_Sala.png
8;3.79529061670704e-36;4.908841309108141;;1.0;0.75;0.75;Uganda;3.7217399243059397;0.958333333333333;0.996468988572239;Asli Bukaro;HM;1.0;2;0.0238095238095238;0.75;KN;KN1;Asli_Bukaro.png
9;4.574682368845229e-34;5.343103374559462;14;1.0;0.75;1.0;Brasilien;4.526261363131012;1.078;0.9792823998953477;Astino Komba;VM;0.75;17;0.202380952380952;0.75;KS;KS1;Astino_Komba.png
10;2.84021165983343e-36;4.361053119607109;;1.0;0.75;0.75;Argentina;3.1293702000597396;1.36;1.0;Audril Bonifácio;HM;1.0;16;0.19047619047619;0.75;SOL;SOL1;Audril_Bonifácio.png
11;4.122447934216281e-34;6.095813429932661;;1.0;1.0;0.75;Frankrike;2.24739969064171;0.966666666666667;0.9102283392263925;Avian Jeaneur;MV;0.75;0;0.0;0.75;BM;BM1;Avian_Jeaneur.png
12;1.6467690673149597e-34;2.86138465491271;;1.0;1.0;0.75;Kongo-Kinshasa;1.8898456859183401;1.01666666666667;0.9313301457824457;Ayo N'gobe;MV;0.75;1;0.0119047619047619;0.75;SV;SV1;Ayo_N'gobe.png
13;3.809657765880129e-34;4.750114243866759;;1.0;0.75;0.75;Colombia;4.0892012878934905;0.991666666666667;0.9901436589196749;Baldomero Cameillaz;HM;1.0;0;0.0;0.75;HS;HS1;Baldomero_Cameillaz.png
14;5.228045077756809e-32;6.10359813145141;16;1.0;0.75;0.75;Holland;4.257676375293742;0.914;0.9179345385034127;Barbento Texako;F;0.75;63;0.75;1.0;FF;FF1;Barbento_Texako.png
15;2.2206570627755406e-34;2.29000624922224;;1.0;0.75;0.75;Australien;2.90442427181107;0.908333333333333;0.9582896502330495;Barras Rafter;F;0.75;0;0.0;1.0;KU;KU1;Barras_Rafter.png
16;4.06055356519182e-36;4.8423484017199785;;1.0;1.0;0.75;Finland;4.08286131039959;0.952;0.8980781223239871;Bebe Käke;MV;0.75;66;0.785714285714286;0.75;TG;TG1;Bebe_Käke.png
17;2.4454050104658903e-32;2.7563175913828797;;1.0;0.75;0.75;Somalia;2.6744924295489;0.975;0.8707870987682207;Bengali Ladé;HM;1.0;0;0.0;0.75;CJ;CJ2;Bengali_Ladé.png
18;2.6816549139838807e-36;4.525925469380041;;1.0;1.0;0.75;Bolivia;1.64024908088964;0.991666666666667;0.9718778727891385;Beylon Caetano;MV;0.75;0;0.0;0.75;AF;AF1;Beylon_Caetano.png
19;1.9456503082813702e-36;1.9439889468404896;;1.0;0.75;0.75;Colombia;2.11675788257528;1.06;0.9780075910557069;Bibo Epifanio;F;0.75;0;0.0;1.0;BI;BI1;Bibo_Epifanio.png
20;5.234809435099508e-40;5.955648896506619;5;1.0;0.75;0.75;Kanada;4.60424979416145;1.002;0.9316327357752706;Bill Jameburg;F;0.75;50;0.595238095238095;1.0;PA;PA1;Bill_Jameburg.png
21;2.5593454088775107e-36;4.23047039550866;;1.0;0.75;0.75;Sydafrika;3.01822042224636;1.296;0.9889120183127256;Binas Boto;HM;1.0;14;0.166666666666667;0.75;SOL;SOL2;Binas_Boto.png
22;2.8905408456615706e-34;4.57987406556337;;1.0;0.75;0.75;Kuba;2.6112076257597803;1.09166666666667;0.9657615491281815;Blas Mossillian;HM;1.0;0;0.0;0.75;COB;COB1;Blas_Mossillian.png
23;1.37060474923357e-30;2.7070723407992894;;1.0;0.75;0.75;Sverige;1.9641371576678603;1.3;0.9878680882754904;Bob Johansson;HM;1.0;1;0.0119047619047619;0.75;MÖS;MÖS2;Bob_Johansson.png
24;4.42987217443538e-34;5.859834562299629;19;1.0;0.75;0.75;USA;4.189909786571139;1.092;0.9591049855832295;Bob Robert;HM;1.0;32;0.380952380952381;0.75;BK;BK1;Bob_Robert.png
25;2.3338040280544793e-42;3.89729419276342;;0.9055354468205321;1.0;0.75;Turkiet;2.16856878099108;1.318;1.0;Bobbo Gandar;MV;0.75;4;0.0476190476190476;0.75;SFI;SFI1;Bobbo_Gandar.png
26;3.48125353344289e-34;4.319787675258651;;1.0;1.0;0.75;Tjeckien;3.59345232071926;1.024;0.8999595719750175;Bokach Ropat;MV;0.75;28;0.333333333333333;0.75;SSM;SSM1;Bokach_Ropat.png
27;2.3636441064307902e-32;2.8665079395923;;1.0;1.0;0.75;Kenya;1.95434835668852;0.97;0.9231811505714544;Bonana Scheral;MV;0.75;1;0.0119047619047619;0.75;LION;LION1;Bonana_Scheral.png
28;3.2632468310612103e-32;3.1500509624761897;;1.0;0.75;1.0;Slovakien;3.71644269964623;0.958;0.9242276989398299;Bostjan Curic;VM;0.75;0;0.0;0.75;TD;TD1;Bostjan_Curic.png
29;3.707588398895719e-34;5.8563803803382;17;1.0;1.0;0.75;Kroatien;3.1644004267319907;1.39166666666667;0.965859676384683;Bozidar Kazon;MV;0.75;0;0.0;0.75;TL;TL1;Bozidar_Kazon.png
30;3.26551090330358e-34;4.293105284953;;1.0;0.75;0.75;Tjeckien;3.57791652165417;0.958;0.997241656611408;Bruyn Volgov;HM;1.0;23;0.273809523809524;0.75;SFÅ;SFÅ1;Bruyn_Volgov.png
31;3.0682385069062103e-34;1.674928792714751;;1.0;0.75;0.75;Spanien;4.233778316367189;0.95;0.9753249486076176;Calisto Roldán;F;0.75;13;0.154761904761905;1.0;COB;COB2;Calisto_Roldán.png
32;3.5110158560687115e-30;4.523784909588141;;1.0;0.75;0.75;Grekland;3.9182468025492803;1.002;0.804369659863245;Camoucho Souza;HM;1.0;2;0.0238095238095238;0.75;S;S1;Camoucho_Souza.png
33;4.109037380912751e-40;6.465916546670969;;1.0;0.75;1.0;Portugal;3.28215821515454;1.092;1.0;Cano Balaquir;VM;0.75;4;0.0476190476190476;0.75;ÖD;ÖD1;Cano_Balaquir.png
34;4.961566950445279e-40;6.074229423913049;14;1.0;0.75;0.75;Argentina;4.8131253014667585;1.07;0.9923251334588253;Canta Zeb;F;0.75;34;0.404761904761905;1.0;SSL;SSL2;Canta_Zeb.png
35;3.6961480215705596e-32;5.070408498874018;18;1.0;0.75;1.0;Mexiko;3.2518875442671;1.08333333333333;0.9744297122547888;Cedro Caphino;VM;0.75;9;0.107142857142857;0.75;CJ;CJ3;Cedro_Caphino.png
36;3.26576006394235e-32;4.922508602614931;;1.0;0.75;1.0;Nya Zeeland;2.3990115252697795;1.12142857142857;0.8893606661250335;Cembril Ravenhill;VM;0.75;0;0.0;0.75;FF;FF2;Cembril_Ravenhill.png
37;2.79668289044833e-38;6.185667647842811;;1.0;0.75;0.75;Nya Zeeland;2.0776981330538398;1.18333333333333;1.0;Charlster Hake;HM;1.0;0;0.0;0.75;HH;HH1;Charlster_Hake.png
38;3.021426853326171e-34;4.796303908319281;;1.0;1.0;0.75;Kanada;1.9441112708365;1.175;0.9559549551687312;Chendwill Parr;MV;0.75;9;0.107142857142857;0.75;ARK;ARK1;Chendwill_Parr.png
39;4.26488685825119e-36;5.466289142026872;6;1.0;0.75;0.75;Somalia;4.070618669067411;1.016;0.9512340680781098;Chicko Lorlas;F;0.75;0;0.0;1.0;VP;VP1;Chicko_Lorlas.png
40;5.51102363337134e-38;6.46872377622206;2;1.0;0.75;0.75;Skottland;4.4358902048041795;1.004;0.9703479444100375;Christopher Bugg;F;0.75;19;0.226190476190476;1.0;TWL;TWL1;Christopher_Bugg.png
41;2.25651476666117e-34;4.1148030660260195;;1.0;0.75;1.0;Italien;2.568226467296321;0.991666666666667;0.9619255108249769;Cito Gatorini;VM;0.75;0;0.0;0.75;SV;SV2;Cito_Gatorini.png
42;2.1647622006254295e-34;3.77949174762982;;1.0;0.75;1.0;Tjeckien;1.76003265362104;0.983333333333333;0.9678667976939052;Cley Neboca;VM;0.75;2;0.0238095238095238;0.75;ÖR;ÖR1;Cley_Neboca.png
43;5.40813896207112e-36;6.58737579967096;8;1.0;0.75;0.75;Brasilien;4.6519810703379;1.042;0.9723477862147317;Colino Rex;F;0.75;46;0.547619047619048;1.0;DBL;DBL1;Colino_Rex.png
44;2.4314914856151995e-38;1.900436173582721;;1.0;0.75;0.75;Colombia;2.3721950269701897;1.15;0.983706401114058;Colsofax Lorte;F;0.75;0;0.0;1.0;SFA;SFA1;Colsofax_Lorte.png
45;3.74782627170167e-38;6.5649962463035605;;1.0;1.0;0.75;Paraguay;2.48707130979883;1.05;0.9519992175166514;Culritz Caple;MV;0.75;0;0.0;0.75;HH;HH2;Culritz_Caple.png
46;2.037122443005881e-34;3.9148041421107003;;1.0;0.75;0.75;Papua nya guinea;2.20944074390105;1.03333333333333;0.8081456726951723;Cupsy Sinamoi;HM;1.0;0;0.0;0.75;BM;BM2;Cupsy_Sinamoi.png
47;3.91398873320313e-36;4.38508509905679;14;1.0;0.75;1.0;Schweiz;4.74289236734946;1.02;0.9249478863256351;Daniel Ceccaroni;VM;0.75;0;0.0;0.75;SOL;SOL3;Daniel_Ceccaroni.png
48;1.94379601254041e-34;2.2832244512889606;;1.0;0.75;0.75;Ecuador;2.00436757379187;1.06;0.9400790505471657;Danilo Regeda;HM;1.0;0;0.0;0.75;TBT;TBT1;Danilo_Regeda.png
49;2.8180937114345e-32;3.9254211319907;;1.0;0.75;1.0;Nya Zeeland;2.74076629087829;1.19;0.9842210529277311;Dann Steev;VM;0.75;10;0.119047619047619;0.75;FF;FF3;Dann_Steev.png
50;4.4062175132594806e-32;5.361841793935139;;1.0;0.75;1.0;Sudan;3.720593232583832;0.898;0.7825453561400169;Danshi G'dill;VM;0.75;0;0.0;0.75;TD;TD2;Danshi_G'dill.png
51;4.20509714620952e-34;5.230104869467921;7;1.0;0.75;1.0;Iran;3.96008942295113;1.19166666666667;0.9663054396569188;Dariyan Bakhtawar;VM;0.75;13;0.154761904761905;0.75;CHA;CHA2;Dariyan_Bakhtawar.png
52;3.220968026941989e-38;4.3835965085346995;;1.0;0.75;1.0;Singapore;3.19833954534928;1.11;0.9102991379116699;Darryl Min;VM;0.75;0;0.0;0.75;HH;HH3;Darryl_Min.png
53;3.752223777680971e-36;4.28925782401071;;1.0;0.75;1.0;Slovenien;3.645189731351243;1.07;0.9984080023720853;Datan Dajetniko;VM;0.75;0;0.0;0.75;BI;BI2;Datan_Dajetniko.png
54;4.68915464524607e-36;5.102128253188191;10;1.0;0.75;1.0;Sverige;4.27618103730395;0.972;0.9969736628638877;David Christiansson;VM;0.75;4;0.0476190476190476;0.75;SST;SST1;David_Christiansson.png
55;5.1562979757812213e-36;6.87925907796398;9;1.0;0.75;0.75;USA;4.2276572409927216;0.912;0.9441099793229095;David White;F;0.75;20;0.238095238095238;1.0;TG;TG2;David_White.png
56;4.41163172978285e-30;5.656802435815471;4;1.0;0.75;0.75;Kanada;4.0781845924277675;1.036;0.8931410725822405;Dean Caman;F;0.75;12;0.142857142857143;1.0;S;S2;Dean_Caman.png
57;5.054102977870151e-38;5.95716981475391;4;1.0;1.0;0.75;USA;4.519502722544503;1.16;0.9686738554009251;Dean Funt;MV;0.75;31;0.369047619047619;0.75;ISF;ISF1;Dean_Funt.png
58;5.545128588691792e-34;6.31514788952228;3;1.0;0.75;0.75;Kazakstan;4.7751092878613;1.072;0.9531540952096752;Der Skovskil;HM;1.0;25;0.297619047619048;0.75;ZB;ZB1;Der_Skovskil.png
59;5.3399419323874285e-34;6.258968328500029;11;0.9338510862693875;0.75;0.75;USA;4.640915536274841;0.89;0.9517116559223806;Derek Green;HM;1.0;38;0.452380952380952;0.75;SSM;SSM2;Derek_Green.png
60;3.0298460695381294e-30;5.518376254818269;;1.0;1.0;0.75;Peru;1.4620507916179384;1.00833333333333;0.9562303316133315;Desierto Adamento;MV;0.75;0;0.0;0.75;NS;NS1;Desierto_Adamento.png
61;2.763079712656231e-34;3.8756528381489206;;1.0;0.75;0.75;Somalia;3.6280309623277702;1.182;1.0;Dick Dang;F;0.75;1;0.0119047619047619;1.0;HS;HS2;Dick_Dang.png
62;4.28557973218117e-34;4.898466877366181;;1.0;0.75;1.0;Ukraina;4.192692586996158;1.08;0.8752335440958849;Djivnek Kansek;VM;0.75;6;0.0714285714285714;0.75;LEO;LEO1;Djivnek_Kansek.png
63;3.6874022747448407e-34;4.63485125893486;;1.0;0.75;0.75;Slovakien;3.7599532905548205;0.91;0.9151583351653594;Dobsky Radovan;HM;1.0;3;0.0357142857142857;0.75;DO;DO1;Dobsky_Radovan.png
64;4.09110272213068e-36;5.4453236015861295;11;1.0;1.0;0.75;Tyskland;3.3997714029475;0.96;0.6732573522778538;Doff Esta;MV;0.75;1;0.0119047619047619;0.75;VP;VP2;Doff_Esta.png
65;4.278522438781381e-34;5.55355009731217;;1.0;1.0;0.75;Kazakstan;4.215980950985198;1.054;0.947401285415407;Dosk Porov;MV;0.75;19;0.226190476190476;0.75;LEO;LEO2;Dosk_Porov.png
66;4.31473734760865e-38;5.229633666112929;;1.0;0.75;0.75;Australien;4.07984102910437;0.998;0.8883022851278698;Drian Cleo;HM;1.0;4;0.0476190476190476;0.75;TA;TA1;Drian_Cleo.png
67;4.966827338414782e-38;6.656685454787089;;1.0;1.0;0.75;Argentina;4.322040163856309;0.944;0.9268977755896856;Drin Rista;MV;0.75;75;0.892857142857143;0.75;KÄ;KÄ2;Drin_Rista.png
68;2.134354454223291e-42;4.39838798728706;;1.0;1.0;0.75;Tanzania;1.3333041546276503;1.075;0.9958285686360884;Efe Kasozi;MV;0.75;0;0.0;0.75;SFI;SFI2;Efe_Kasozi.png
69;1.4682086286843395e-34;2.03237066333863;;1.0;0.75;0.75;Brasilien;1.67404659403004;1.05;0.9158656554231204;Elon Hilario;HM;1.0;0;0.0;0.75;SS;SS1;Elon_Hilario.png
70;4.3776041406326914e-36;4.5310560321088795;;1.0;0.75;0.75;England;4.4041522491565;1.175;1.0;Enham Lockamy;HM;1.0;16;0.19047619047619;0.75;TG;TG3;Enham_Lockamy.png
71;4.168001445410359e-36;4.97844789118545;;1.0;0.75;1.0;Irland;3.8075549996352698;0.96;0.8631761335832141;Erik Kreek;VM;0.75;27;0.321428571428571;0.75;TG;TG4;Erik_Kreek.png
72;4.99293106241301e-34;5.902232057996421;;1.0;0.75;0.75;Danmark;4.893630066829599;0.994;0.5461364467671639;Erik Summ;HM;1.0;36;0.428571428571429;0.75;PF;PF1;Erik_Summ.png
73;3.89728135169801e-32;5.608830058065618;;1.0;0.75;0.75;Slovenien;2.68573264533039;1.1;0.9033177357414591;Erklin Pashtark;HM;1.0;0;0.0;0.75;TD;TD3;Erklin_Pashtark.png
74;3.346631379195121e-36;3.3953892219148303;;1.0;0.75;0.75;Iran;3.947459484048652;1.23333333333333;0.9512189534271229;Esfandyar Aydin;F;0.75;13;0.154761904761905;1.0;BI;BI3;Esfandyar_Aydin.png
75;2.74828397267576e-36;4.76214501391032;;1.0;1.0;0.75;Brasilien;1.47249241082392;0.86;0.8703882149223681;Esteban Melko;MV;0.75;0;0.0;0.75;BI;BI4;Esteban_Melko.png
76;1.5404290110724904e-36;3.3993086912408397;;1.0;1.0;0.75;Peru;0.587109490819966;0.85;0.9465716146344695;Eustian Neto;MV;0.75;0;0.0;0.75;AF;AF2;Eustian_Neto.png
77;1.41025033183482e-32;2.6708136705449;;1.0;0.75;0.75;Sydkorea;0.98968699312473;0.975;0.9540914454440602;Faewoo Kim;HM;1.0;0;0.0;0.75;CJ;CJ4;Faewoo_Kim.png
78;3.2611193646531196e-34;2.8660296699102497;;1.0;0.75;0.75;Kirgizistan;3.971179161148369;1.05;0.9050159505757157;Fanraz Qurban;F;0.75;0;0.0;1.0;KU;KU2;Fanraz_Qurban.png
79;1.2787553039389402e-34;2.2333610221879696;;1.0;0.75;0.75;Tyskland;1.51414958568991;1.192;0.9636273446331481;Fenan Lasas;HM;1.0;12;0.142857142857143;0.75;ÖR;ÖR2;Fenan_Lasas.png
80;3.359566965780639e-36;3.32642346962608;;1.0;0.75;1.0;Schweiz;4.542710461935198;1.18333333333333;0.9278052811172137;Feo Dargau;VM;0.75;0;0.0;0.75;SOS;SOS1;Feo_Dargau.png
81;3.3763564287883e-36;4.435860105485999;;1.0;0.75;0.75;Island;2.5468527520906004;0.978;1.0;Flen Reyn;HM;1.0;14;0.166666666666667;0.75;SST;SST2;Flen_Reyn.png
82;2.94611759828464e-38;4.650897629983209;;1.0;0.75;0.75;Afghanistan;2.23133756658607;1.012;1.0;Fonar Salkes;HM;1.0;16;0.19047619047619;0.75;SF;SF1;Fonar_Salkes.png
83;3.657062938435851e-36;4.51582430321417;20;1.0;0.75;0.75;Frankrike;3.9883015736575307;1.188;0.9762565601288667;Fran Monea;HM;1.0;4;0.0476190476190476;0.75;LOD;LOD1;Fran_Monea.png
84;3.3019872824664806e-34;4.365168653762029;;1.0;0.75;0.75;Kanada;3.69986636826945;1.17;0.9731637897523496;Francis Loow;F;0.75;4;0.0476190476190476;1.0;ARK;ARK2;Francis_Loow.png
85;2.6414930394063496e-38;5.02523881502674;;0.888403887673544;1.0;0.75;Norge;2.07587437597577;1.39;0.8614711519031545;Fredrik Börjesson;MV;0.75;6;0.0714285714285714;0.75;HH;HH4;Fredrik_Börjesson.png
86;3.474899039027271e-42;5.090347684025118;;1.0;0.75;0.75;Skottland;3.20945039402942;1.126;1.0;Fredrik Freeson;HM;1.0;12;0.142857142857143;0.75;SL;SL1;Fredrik_Freeson.png
87;4.6871625400063915e-34;6.16699903585444;;1.0;0.75;0.75;Finland;4.39060487610769;0.834;1.0;Fredrik Kääkä;F;0.75;37;0.44047619047619;1.0;SSM;SSM3;Fredrik_Kääkä.png
88;2.79020248538037e-34;3.62647670606618;;1.0;0.75;0.75;Frankrike;3.54601967158982;1.174;0.9572675425047202;Fro Gasian;F;0.75;9;0.107142857142857;1.0;GC;GC2;Fro_Gasian.png
89;3.8258593409743405e-40;4.6580652719644995;;1.0;1.0;0.75;Singapore;3.5475504444891;1.08833333333333;0.9654314924257369;Fu Xian;MV;0.75;9;0.107142857142857;0.75;SSL;SSL3;Fu_Xian.png
90;3.199119377225349e-36;5.45451475650048;;1.0;0.75;1.0;Kuba;1.843723997950209;1.018;0.9144879795325264;Gadgo Oleastro;VM;0.75;3;0.0357142857142857;0.75;TH;TH1;Gadgo_Oleastro.png
91;4.277105108279701e-32;5.569475753882511;;1.0;0.75;0.75;Danmark;3.35473446267688;0.89;0.8777284939929599;Gaess Skili;HM;1.0;40;0.476190476190476;0.75;LION;LION2;Gaess_Skili.png
92;1.7843784142301306e-30;1.9814539031855298;;1.0;0.75;0.75;Österrike;1.9973029252747398;0.975;0.800426648893762;Gainlauf Antlofven;HM;1.0;0;0.0;0.75;NS;NS2;Gainlauf_Antlofven.png
93;2.6213909449779894e-32;4.719175718091941;;1.0;1.0;0.75;Irland;1.6247137853070799;1.08333333333333;0.9682265686768923;Gastom Allmon;MV;0.75;1;0.0119047619047619;0.75;CJ;CJ5;Gastom_Allmon.png
94;3.6877989088131494e-34;4.57402642824908;;1.0;0.75;1.0;Bolivia;4.40157138937723;0.991666666666667;0.8187372171494458;Gaulo Evardo;VM;0.75;0;0.0;0.75;ARK;ARK3;Gaulo_Evardo.png
95;5.095653466544811e-34;5.562161483697221;10;1.0;0.75;0.75;Norge;5.069145449392391;1.088;0.8514430894353889;Geier Moen;HM;1.0;26;0.30952380952381;0.75;LEO;LEO3;Geier_Moen.png
96;2.17835684102805e-36;3.70701179092513;;1.0;1.0;0.75;Portugal;2.17537441618241;0.93;0.3966642544040727;Georgi Plattas;MV;0.75;4;0.0476190476190476;0.75;KN;KN2;Georgi_Plattas.png
97;3.598413145021449e-36;5.913891760375941;;1.0;0.75;0.75;Uganda;2.60293452966696;1.052;0.8442543020912242;Georgi Zimbad;HM;1.0;3;0.0357142857142857;0.75;TH;TH2;Georgi_Zimbad.png
98;2.867729103646701e-34;4.023034092906;;1.0;0.75;0.75;Schweiz;3.1075257774738403;1.204;0.9183197504756135;Gerad Chibam;F;0.75;12;0.142857142857143;1.0;ARK;ARK4;Gerad_Chibam.png
99;1.1614270347158698e-30;0.569740509864912;;1.0;0.75;0.75;Tyskland;1.36255138461651;1.03333333333333;0.9497454966752827;Gerhart Eiderkar;F;0.75;0;0.0;1.0;NS;NS3;Gerhart_Eiderkar.png
100;1.8082436282400205e-34;2.55253982142824;;1.0;0.75;1.0;Paraguay;2.8339474350518;0.966666666666667;0.9980559051820876;Gimaldo Rhoran;VM;0.75;0;0.0;0.75;KU;KU3;Gimaldo_Rhoran.png
101;3.65841061224468e-34;5.066932720553888;19;1.0;1.0;0.75;Laos;3.7006274497808698;0.914;0.9418812937011429;Gio Kongo;MV;0.75;9;0.107142857142857;0.75;SS;SS2;Gio_Kongo.png
102;3.35528646065681e-34;4.67802236265414;;1.0;0.75;0.75;Ecuador;3.81255055865949;1.16428571428571;0.9211331589016875;Gonclavo Zotico;HM;1.0;0;0.0;0.75;COB;COB3;Gonclavo_Zotico.png
103;5.3138482640656595e-40;7.02343528170554;4;1.0;0.75;0.75;Irland;4.674261246425779;0.972;1.0;Greg Hill;HM;1.0;49;0.583333333333333;0.75;ÖD;ÖD2;Greg_Hill.png
104;2.4343182064153704e-36;3.24772771632223;;1.0;0.75;1.0;Tanzania;1.8609086965084998;1.06428571428571;0.838564028461599;Grones Museburny;VM;0.75;0;0.0;0.75;SST;SST3;Grones_Museburny.png
105;1.9841513616825706e-34;3.6970019226145507;;1.0;0.75;1.0;Somalia;2.2713008007506;1.06666666666667;0.8995877944708202;Habib Salmes;VM;0.75;0;0.0;0.75;GC;GC3;Habib_Salmes.png
106;2.8241457390687206e-34;4.717848296281661;;1.0;1.0;0.75;Grekland;1.5485919032493152;0.958333333333333;0.9874537983584573;Haemon Archippos;MV;0.75;0;0.0;0.75;HS;HS3;Haemon_Archippos.png
107;1.09132101553746e-34;2.1288083172199403;;1.0;1.0;0.75;Schweiz;1.380090063013736;1.125;0.968815119112972;Hergang Molz;MV;0.75;0;0.0;0.75;ÖR;ÖR3;Hergang_Molz.png
108;2.6414266457971506e-34;4.710004465115649;;1.0;0.75;0.75;Vietnam;1.9628488264786401;1.12142857142857;0.9414385752640042;Hung Bahn;HM;1.0;0;0.0;0.75;TBT;TBT2;Hung_Bahn.png
109;3.2983185043499304e-34;4.730854218803372;;1.0;0.75;0.75;Uruguay;2.5057827898964797;0.98;0.9605078806825746;Hurak Liee;HM;1.0;29;0.345238095238095;0.75;PBV;PBV1;Hurak_Liee.png
110;2.14772272246149e-34;3.2106279087643;;1.0;0.75;0.75;Ryssland;2.0748175361586805;0.883333333333333;0.978877830978761;Ian Slovchi;HM;1.0;1;0.0119047619047619;0.75;SVF;SVF1;Ian_Slovchi.png
111;3.0958544116870096e-34;3.8979531322115495;;1.0;1.0;0.75;Chile;3.0827063309002103;1.122;0.988091211274076;Icha Chan;MV;0.75;23;0.273809523809524;0.75;ZB;ZB2;Icha_Chan.png
112;4.723681023003751e-34;6.28516299075979;17;1.0;0.75;1.0;Turkiet;4.092199055247722;1.146;0.7958505627190768;Igor Shlifi;VM;0.75;5;0.0595238095238095;0.75;VIK;VIK1;Igor_Shlifi.png
113;2.4108697629183304e-34;3.45830952344682;;1.0;0.75;1.0;Ryssland;2.8034300023898395;1.174;0.8577129229895828;Igor Stovchki;VM;0.75;6;0.0714285714285714;0.75;CHA;CHA3;Igor_Stovchki.png
114;2.7143969176814e-38;4.689820458151891;;1.0;0.75;0.75;Egypten;2.5689733772109196;1.172;0.9327735695639496;Ili Bani;HM;1.0;1;0.0119047619047619;0.75;ISF;ISF2;Ili_Bani.png
115;4.467651792104579e-34;5.484642602773821;3;1.0;0.75;1.0;Afghanistan;4.490660981435339;1.068;1.0;Ill Sonta;VM;0.75;2;0.0238095238095238;0.75;SS;SS3;Ill_Sonta.png
116;2.91313374400322e-32;4.71465611774961;;1.0;0.75;1.0;Finland;2.0816113702568204;1.05;0.9496718442501958;Illki Suvaantara;VM;0.75;0;0.0;0.75;LION;LION3;Illki_Suvaantara.png
117;2.742491870479311e-34;5.73138585943264;;1.0;0.75;0.75;Turkiet;1.4435978815259802;0.916666666666667;0.99797423181373;Illmarum Zuhal;HM;1.0;0;0.0;0.75;ELD;ELD1;Illmarum_Zuhal.png
118;4.51222477553025e-38;5.83150689296628;;1.0;0.75;0.75;Iran;4.47294265809421;1.248;0.9868163277155032;Ismed Shamed;HM;1.0;18;0.214285714285714;0.75;SF;SF2;Ismed_Shamed.png
119;4.2236646296542184e-38;5.154778994013178;;1.0;0.75;1.0;Kazakstan;3.732550265295271;1.09;0.9893838441823076;Ista Skovskil;VM;0.75;35;0.416666666666667;0.75;KÄ;KÄ3;Ista_Skovskil.png
120;3.147797055484539e-40;5.1716499436785694;;1.0;0.75;0.75;Kina;2.7239441672904996;0.976;0.8890149473776258;Istam Poto;HM;1.0;28;0.333333333333333;0.75;PA;PA2;Istam_Poto.png
121;3.5775354757174507e-42;4.9870242893557295;;1.0;0.75;1.0;Japan;2.76804666207916;1.072;0.9512637246441178;Istito Gergima;VM;0.75;28;0.333333333333333;0.75;SL;SL2;Istito_Gergima.png
122;1.57365430486868e-34;1.9816851697810298;;1.0;1.0;0.75;Ukraina;2.03160800750016;1.09166666666667;0.9963725030958969;Ivan Orvy;MV;0.75;7;0.0833333333333333;0.75;COB;COB4;Ivan_Orvy.png
123;4.000616515947941e-36;4.971522155649851;12;1.0;0.75;1.0;Irland;4.109710876246028;1.094;0.9386988847851293;Jack Vilson;VM;0.75;32;0.380952380952381;0.75;LOD;LOD2;Jack_Vilson.png
124;5.276270584136482e-42;6.01330859905171;15;0.9343210137195742;0.75;0.75;Finland;4.62824524085966;1.148;0.9377839959890675;Jan Läke;F;0.75;65;0.773809523809524;1.0;SL;SL3;Jan_Läke.png
125;2.0677962695440598e-38;3.95607684110617;;1.0;1.0;0.75;Ecuador;0.8153754122009097;0.88;0.9186179479150623;Jayme Arlo;MV;0.75;0;0.0;0.75;HH;HH5;Jayme_Arlo.png
126;2.991125435675921e-32;2.41686532061191;;1.0;0.75;0.75;Paraguay;3.960632179051929;1.18333333333333;0.9914097117223202;Jelix Ofo;F;0.75;0;0.0;1.0;CJ;CJ6;Jelix_Ofo.png
127;2.9897860445125196e-34;4.777396709539571;;1.0;1.0;0.75;Sudan;2.9283700469719505;1.186;0.7995963083243494;Jeroen Koing;MV;0.75;0;0.0;0.75;HS;HS4;Jeroen_Koing.png
128;2.4133678425463206e-36;4.05905050519205;;1.0;1.0;0.75;Kina;2.32984384857773;1.15833333333333;0.9719403593242599;Jianju Kun;MV;0.75;4;0.0476190476190476;0.75;SOS;SOS2;Jianju_Kun.png
129;3.281078108377549e-34;4.830475138571162;;1.0;1.0;0.75;Saudiarabien;3.3719825630871503;1.082;0.9003270388805563;Jidda Surat;MV;0.75;5;0.0595238095238095;0.75;CHA;CHA4;Jidda_Surat.png
130;2.93409350309034e-32;4.422003785644271;;1.0;1.0;0.75;Kirgizistan;2.52222807925944;1.026;0.908138495670587;Jim Gerow;MV;0.75;10;0.119047619047619;0.75;MS;MS1;Jim_Gerow.png
131;2.9055979045251112e-34;4.43111498719977;;1.0;1.0;0.75;Bolivia;3.29732228051311;1.066;1.0;Jim Spicer;MV;0.75;4;0.0476190476190476;0.75;SS;SS4;Jim_Spicer.png
132;2.9501437499978705e-32;2.12471469799519;;1.0;0.75;0.75;Kirgizistan;3.3955728020005504;0.906;1.0;Jinzo Wee;HM;1.0;0;0.0;0.75;TD;TD4;Jinzo_Wee.png
133;4.858669474589151e-38;6.2769395248651305;15;0.9592722477843386;0.75;1.0;Uzbekistan;3.870399424313179;0.994;0.9731522774839388;Joe Kovi;VM;0.75;21;0.25;0.75;TWL;TWL2;Joe_Kovi.png
134;3.6951863683783994e-34;5.801377739685299;;1.0;1.0;0.75;Sverige;3.21089931141805;1.23333333333333;1.0;John Erkling;MV;0.75;0;0.0;0.75;ELD;ELD2;John_Erkling.png
135;5.4472369407572666e-42;7.04810124182157;6;0.9575600162916461;0.75;1.0;England;4.336372639692981;0.948;0.46868575788716205;John Pep;VM;0.75;72;0.857142857142857;0.75;SL;SL4;John_Pep.png
136;2.4322690635428797e-34;3.04717400256348;;1.0;0.75;0.75;Slovakien;1.982332437529151;0.978;0.9927512949017807;Jorgen Slenisch;F;0.75;9;0.107142857142857;1.0;PBV;PBV2;Jorgen_Slenisch.png
137;3.7812685868579203e-34;4.735109812058622;;1.0;0.75;0.75;Laos;4.105374436724121;1.028;0.9539541226263492;Jose Ewúo;F;0.75;22;0.261904761904762;1.0;ZB;ZB3;Jose_Ewúo.png
138;4.842107480466832e-40;5.993987678254038;16;1.0;1.0;0.75;USA;4.119287183786011;1.10666666666667;0.9416881179171736;Josef Black;MV;0.75;23;0.273809523809524;0.75;SSL;SSL4;Josef_Black.png
139;2.3459508719714993e-36;3.6559394066028905;;1.0;0.75;0.75;Israel;1.665962337340121;0.896;0.9353346970302758;Josef Zakarias;HM;1.0;3;0.0357142857142857;0.75;TW;TW2;Josef_Zakarias.png
140;1.28759230793588e-34;1.602317390138586;;1.0;0.75;0.75;Singapore;1.84286722573318;0.95;0.9491944929041024;Joseph Xelor;HM;1.0;0;0.0;0.75;SV;SV3;Joseph_Xelor.png
141;3.534143715909099e-36;5.362359221059461;;1.0;0.75;1.0;Kroatien;3.47592821075873;0.921666666666667;0.9183836248789687;Josip Gragig;VM;0.75;0;0.0;0.75;SOL;SOL4;Josip_Gragig.png
142;4.527504537574009e-32;2.98745670485481;;1.0;0.75;0.75;Kirgizistan;4.787536426053481;1.028;0.8948112552090772;Jozo Utidkan;F;0.75;0;0.0;1.0;TD;TD5;Jozo_Utidkan.png
143;1.9031807548390506e-30;2.723369248035009;;1.0;0.75;1.0;Slovakien;1.7229922616431;0.96;0.9743754700587771;Július Kopecky;VM;0.75;0;0.0;0.75;CN;CN1;Július_Kopecky.png
144;2.9274385041246503e-34;4.215381643258871;;1.0;0.75;0.75;Schweiz;3.09949536499043;1.048;0.89247162876344;Jürgen Zütt;HM;1.0;8;0.0952380952380952;0.75;KS;KS2;Jürgen_Zütt.png
145;3.8457736858572296e-34;5.030941790940001;;1.0;0.75;1.0;Kanada;4.080605580774451;1.11666666666667;0.9402401886192913;Kaden Bayville;VM;0.75;9;0.107142857142857;0.75;HS;HS5;Kaden_Bayville.png
146;3.09926340646416e-38;4.584023294017229;;1.0;1.0;0.75;Israel;3.07212357513455;1.156;0.9049282217625605;Kambri Nazario;MV;0.75;4;0.0476190476190476;0.75;TA;TA2;Kambri_Nazario.png
147;3.563591269350999e-30;5.26792357465581;;1.0;0.75;1.0;Sudan;2.7292589640462;1.09166666666667;0.9901940822247529;Kamya Amer;VM;0.75;0;0.0;0.75;NS;NS4;Kamya_Amer.png
148;4.107885114341091e-34;5.61209494459888;;1.0;1.0;0.75;Portugal;3.8565703689544;1.086;0.976941316777852;Kann Chosa;MV;0.75;1;0.0119047619047619;0.75;TBT;TBT3;Kann_Chosa.png
149;3.511711086976249e-34;5.845574051168381;;1.0;1.0;0.75;Tjeckien;2.7159166406880404;0.958333333333333;0.9369107407072909;Karel Koshka;MV;0.75;1;0.0119047619047619;0.75;KU;KU4;Karel_Koshka.png
150;3.951531358224379e-42;2.444994941895964;;1.0;0.75;0.75;Ryssland;4.982555635776661;1.16428571428571;1.0;Kaschalkov Vovolski;F;0.75;2;0.0238095238095238;1.0;SFI;SFI3;Kaschalkov_Vovolski.png
151;4.510463762254418e-34;5.310253957441998;17;1.0;0.75;0.75;Mexiko;4.0039369654627;0.966;0.9968866823161019;Kastan Georst;F;0.75;75;0.892857142857143;1.0;DO;DO2;Kastan_Georst.png
152;3.562710877786019e-34;5.861430523031121;;1.0;1.0;0.75;Laos;2.8346314099183703;1.05;0.844026383526562;Keo Niemin;MV;0.75;7;0.0833333333333333;0.75;GE;GE1;Keo_Niemin.png
153;2.1589533210736907e-36;2.4684505718276;;1.0;0.75;1.0;Tanzania;2.50945607031978;1.17857142857143;0.9460027312105656;Kibuuka Jumaane;VM;0.75;0;0.0;0.75;VP;VP3;Kibuuka_Jumaane.png
154;2.4400415956054102e-30;3.72345691494407;;1.0;0.75;1.0;Bolivia;2.42662627626674;1.216;0.8299178827454881;Kiko Labos;VM;0.75;4;0.0476190476190476;0.75;CN;CN2;Kiko_Labos.png
155;3.2398252164530204e-34;4.475956595966512;;1.0;0.75;0.75;Sydkorea;3.25907096344403;0.96;1.0;Kim You Sung;F;0.75;3;0.0357142857142857;1.0;TL;TL2;Kim_You_Sung.png
156;2.6677555901337506e-34;3.61730899417414;;1.0;0.75;0.75;Tanzania;3.30471998744017;1.094;0.968395933344553;Kindo Popo;F;0.75;0;0.0;1.0;SVF;SVF2;Kindo_Popo.png
157;2.017458882110599e-36;3.6599037877045704;;1.0;0.75;0.75;Kenya;1.80501397651664;1.15833333333333;0.9411188007214322;Kito Emwandah;HM;1.0;0;0.0;0.75;SOS;SOS3;Kito_Emwandah.png
158;4.68612138257479e-36;5.3845864932357586;11;1.0;0.75;1.0;Tonga;4.117656271913829;1.086;1.0;Klar Parts;VM;0.75;12;0.142857142857143;0.75;TH;TH3;Klar_Parts.png
159;5.024842250739819e-38;5.7439097005844;5;1.0;0.75;0.75;Ukraina;4.515463950843439;1.1;1.0;Klivi Hetchkov;F;0.75;9;0.107142857142857;1.0;TA;TA3;Klivi_Hetchkov.png
160;3.24673794012727e-38;4.532766754878961;;1.0;0.75;1.0;Tyskland;2.17070912537558;0.85;0.8570663797524783;Klychan Ferman;VM;0.75;1;0.0119047619047619;0.75;ISF;ISF3;Klychan_Ferman.png
161;5.366739164897062e-38;6.450729924593;9;1.0;0.75;1.0;Afghanistan;4.34274840520111;1.04;0.9184313052111033;Koch Jagazi;VM;0.75;32;0.380952380952381;0.75;SF;SF3;Koch_Jagazi.png
162;3.3276433268930103e-34;5.22831281331129;;1.0;1.0;0.75;Slovenien;2.75163909726559;1.41666666666667;0.9533939803288687;Kolvar Voltavan;MV;0.75;0;0.0;0.75;COB;COB5;Kolvar_Voltavan.png
163;3.379931055967021e-34;4.9398096158210905;;1.0;0.75;1.0;Turkiet;3.8600524961129703;0.984;0.9777445343790415;Koran Mora;VM;0.75;1;0.0119047619047619;0.75;GE;GE2;Koran_Mora.png
164;3.6734233713082694e-30;4.91639387739793;;1.0;0.75;1.0;Papua nya guinea;3.6604528652185997;1.10833333333333;0.9212058121089107;Korpore Sole-Sole;VM;0.75;0;0.0;0.75;MÖS;MÖS3;Korpore_Sole-Sole.png
165;4.12668077649452e-34;4.881177996936359;;1.0;0.75;1.0;Kirgizistan;4.2121835560526915;0.933333333333333;0.9941169249347552;Koushan Taalay;VM;0.75;1;0.0119047619047619;0.75;COB;COB6;Koushan_Taalay.png
166;4.97211108323096e-38;6.090452220681032;7;1.0;0.75;0.75;Finland;3.9598836582642583;1.184;0.830701079697378;Kovi Rotoresko;F;0.75;23;0.273809523809524;1.0;ISF;ISF4;Kovi_Rotoresko.png
167;1.5659974146554004e-36;3.1245670743120804;;1.0;1.0;0.75;Kroatien;0.8331429251703739;0.986;0.8518714674729716;Krunoslav Delic;MV;0.75;5;0.0595238095238095;0.75;TW;TW3;Krunoslav_Delic.png
168;2.74613564550634e-36;4.738371611333561;;1.0;1.0;0.75;Papua nya guinea;2.837781696765511;1.43;0.9605521830118345;Kuan Lowai;MV;0.75;0;0.0;0.75;SOS;SOS4;Kuan_Lowai.png
169;5.1860096591000196e-34;6.14724644284585;18;1.0;0.75;1.0;Kina;4.744772875354181;0.964;0.9465045698018613;La Mo Ching;VM;0.75;23;0.273809523809524;0.75;PF;PF2;La_Mo_Ching.png
170;3.49276248562491e-34;4.32118793732099;;1.0;0.75;1.0;Iran;3.7943370339288203;1.348;0.934803834673696;Laget Nemir;VM;0.75;28;0.333333333333333;0.75;SV;SV4;Laget_Nemir.png
171;4.147323375781729e-36;5.771528869987931;9;1.0;1.0;0.75;Iran;3.2210151344724203;0.948;0.9443449330578934;Lambolino Jack;MV;0.75;16;0.19047619047619;0.75;VP;VP4;Lambolino_Jack.png
172;4.4925460307016086e-40;5.373042056009269;;1.0;0.75;0.75;Australien;4.232050005393949;1.08166666666667;0.9184617691766891;Lander Sawi;HM;1.0;11;0.130952380952381;0.75;SSL;SSL5;Lander_Sawi.png
173;2.5592982981690496e-34;5.324215957502279;;1.0;0.75;0.75;Kanada;2.2143806388358103;0.941666666666667;0.9841811183210196;Lankus Gullier;HM;1.0;9;0.107142857142857;0.75;SV;SV5;Lankus_Gullier.png
174;3.6659195118279896e-30;2.109425454129117;;1.0;0.75;0.75;Österrike;4.700248883627251;1.0;0.9923730685323733;Lanzler Kaiterschmen;F;0.75;0;0.0;1.0;CN;CN3;Lanzler_Kaiterschmen.png
175;5.35484702687256e-34;6.10930406917603;3;1.0;0.75;0.75;Spanien;4.381875665336908;1.074;0.9394491545917193;Las Tortina;F;0.75;32;0.380952380952381;1.0;VIK;VIK2;Las_Tortina.png
176;3.499214188378089e-30;5.103530495047611;;1.0;1.0;0.75;Spanien;3.28273972837381;1.042;0.9858181940322286;Lata Sino;MV;0.75;64;0.761904761904762;0.75;S;S3;Lata_Sino.png
177;4.35851601668623e-32;5.33509730946279;;1.0;0.75;0.75;Japan;4.340795154835201;1.172;0.887408815985828;Lavo Chang;F;0.75;26;0.30952380952381;1.0;MS;MS2;Lavo_Chang.png
178;2.0080738371158698e-34;3.83457979197295;;1.0;0.75;1.0;Österrike;2.6615678822587903;1.358;0.6378127598296454;Lavo Greskiev;VM;0.75;19;0.226190476190476;0.75;BM;BM3;Lavo_Greskiev.png
179;3.9787896316774514e-36;5.051465105429432;;1.0;0.75;1.0;USA;3.3161141579254605;1.04;0.890594261959774;Le Robert;VM;0.75;63;0.75;0.75;DBL;DBL2;Le_Robert.png
180;3.644883828169309e-36;4.455511933117879;;1.0;0.75;0.75;Bolivia;3.4077984248702693;1.036;0.8915262698638069;Le Tomas;F;0.75;23;0.273809523809524;1.0;DBL;DBL3;Le_Tomas.png
181;5.54979535522647e-34;6.2934751847558905;2;1.0;0.75;1.0;England;4.76611552569705;0.882;0.9492227150592258;Lee King;VM;0.75;53;0.630952380952381;0.75;ZB;ZB4;Lee_King.png
182;3.59783623077966e-34;4.96739781415545;;1.0;0.75;0.75;Grekland;3.6181285085291304;1.09;0.8849150612866626;Legi Lesch;F;0.75;3;0.0357142857142857;1.0;TL;TL3;Legi_Lesch.png
183;5.216724134339028e-40;5.945042267107931;6;1.0;0.75;0.75;Taiwan;4.5011787124930915;1.18;0.9531332769137788;Leke Kaahn;F;0.75;3;0.0357142857142857;1.0;ÖD;ÖD3;Leke_Kaahn.png
184;3.73163419553973e-36;6.28127921802473;;1.0;1.0;0.75;Uruguay;2.447166661812241;1.20714285714286;0.9791984458736828;Lemus Mallon;MV;0.75;0;0.0;0.75;AF;AF3;Lemus_Mallon.png
185;2.4783236965451803e-30;4.882057641096599;;1.0;0.75;1.0;Holland;1.74458975199376;1.0;0.8764961797808741;Leopold De Snau;VM;0.75;4;0.0476190476190476;0.75;CN;CN4;Leopold_De_Snau.png
186;3.36831970889719e-36;4.6314764761166005;;1.0;0.75;0.75;Frankrike;3.14954853075092;1.12;0.9287230249586493;Lete Diagana;F;0.75;23;0.273809523809524;1.0;LOD;LOD3;Lete_Diagana.png
187;2.7757143024936306e-34;4.387963518793069;;1.0;0.75;0.75;Laos;3.43346508619419;1.22;0.8642857156226075;Liee Cont;HM;1.0;7;0.0833333333333333;0.75;BM;BM4;Liee_Cont.png
188;2.36568751533359e-32;3.1535009928435;;1.0;1.0;0.75;Österrike;2.1139672990687104;1.01;0.9865028930137286;Lier Strewnach;MV;0.75;28;0.333333333333333;0.75;FF;FF4;Lier_Strewnach.png
189;4.41929236286587e-34;4.97268920321727;20;1.0;0.75;0.75;Saudiarabien;4.263694469298271;1.05;0.8882160942363531;Limis Rhaman;F;0.75;4;0.0476190476190476;1.0;BK;BK2;Limis_Rhaman.png
190;1.6553419335337802e-34;2.8987984116827796;;1.0;1.0;0.75;Uganda;1.1651572163102797;0.91;1.0;Linga Go;MV;0.75;1;0.0119047619047619;0.75;HÖ;HÖ1;Linga_Go.png
191;4.5665699287569905e-34;4.9368370041595995;15;1.0;0.75;1.0;Chile;4.80630285335438;1.072;0.9898120500239123;Livor Vandr;VM;0.75;6;0.0714285714285714;0.75;DO;DO3;Livor_Vandr.png
192;5.031028132376271e-32;6.098616499496711;11;1.0;0.75;0.75;Singapore;4.745969220962638;0.998;0.8396988340763324;Lobito Whu;F;0.75;13;0.154761904761905;1.0;LION;LION4;Lobito_Whu.png
193;1.08282139376695e-30;2.0685359040826;;1.0;0.75;0.75;Sverige;1.1671068834513003;1.218;0.9582944353129533;Lollo Nilsson;HM;1.0;9;0.107142857142857;0.75;S;S4;Lollo_Nilsson.png
194;3.39695918647305e-38;5.579444012964281;;1.0;0.75;1.0;Sydafrika;3.04447435998183;1.048;0.9821178022869577;Loor Sina;VM;0.75;5;0.0595238095238095;0.75;TA;TA4;Loor_Sina.png
195;2.9284955799525697e-36;6.325877471298079;;1.0;0.75;1.0;Chile;2.0811136886070503;1.00833333333333;1.0;Lourenco Fausto;VM;0.75;0;0.0;0.75;AF;AF4;Lourenco_Fausto.png
196;3.901009204517729e-34;5.057966218998811;15;1.0;0.75;0.75;Skottland;4.144052190036659;1.11;0.8998743506738808;Lu Boston;HM;1.0;1;0.0119047619047619;0.75;TL;TL4;Lu_Boston.png
197;2.889963493143231e-34;1.6027115736395212;;1.0;0.75;0.75;Papua nya guinea;4.5547981061457;1.15833333333333;0.9680114042572292;Lucas Fauk;F;0.75;0;0.0;1.0;GC;GC4;Lucas_Fauk.png
198;4.575976625973669e-32;6.262634878470472;;1.0;1.0;0.75;Uzbekistan;3.920989247228472;0.998;0.8901517479153856;Luiz Devone;MV;0.75;27;0.321428571428571;0.75;FF;FF5;Luiz_Devone.png
199;3.16565004360242e-36;1.524769846017067;;1.0;0.75;0.75;Uzbekistan;4.799570175325991;0.956666666666667;1.0;Luthor Leximir;F;0.75;1;0.0119047619047619;1.0;SOL;SOL5;Luthor_Leximir.png
200;3.45896445960188e-34;5.062724995984359;;1.0;0.75;0.75;Tonga;3.02520392321939;0.99;0.9320696929713341;Maaron Ambo;HM;1.0;0;0.0;0.75;GE;GE3;Maaron_Ambo.png
201;3.559054685197159e-34;4.68832786598712;;1.0;1.0;0.75;Uganda;3.4351449140122297;0.944;0.9372022155027065;Mabey Mange;MV;0.75;43;0.511904761904762;0.75;DO;DO4;Mabey_Mange.png
202;1.23237882586902e-34;2.455481318528361;;1.0;1.0;0.75;Norge;1.5327250868800137;1.09166666666667;0.8637993081551008;Magnar Trinmark;MV;0.75;0;0.0;0.75;ELD;ELD3;Magnar_Trinmark.png
203;3.145565463042079e-34;3.0028105827820504;;1.0;0.75;1.0;Argentina;4.408320343302121;0.983333333333333;0.9801474406761304;Mal Travieso;VM;0.75;16;0.19047619047619;0.75;ELD;ELD4;Mal_Travieso.png
204;4.106362633239901e-34;5.706339728548041;;1.0;1.0;0.75;Skottland;3.461396990277679;0.958;0.8211618428504345;Marino Fox;MV;0.75;17;0.202380952380952;0.75;VIK;VIK3;Marino_Fox.png
205;2.01826588697479e-34;3.5089238230216706;;1.0;0.75;0.75;Vitryssland;2.0976079509279106;1.108;0.9276982951375405;Mark Minoran;HM;1.0;3;0.0357142857142857;0.75;EAG;EAG1;Mark_Minoran.png
206;4.4074617425089417e-38;5.74731903329898;;1.0;0.75;0.75;Chile;3.7476044517188907;1.022;0.9927453439652335;Mark Van Dean;HM;1.0;30;0.357142857142857;0.75;SF;SF4;Mark_Van_Dean.png
207;4.86032623147735e-38;5.9807210135692195;;1.0;0.75;0.75;Sverige;4.4600630434161;0.918;0.899580651897529;Markus Simson;F;0.75;84;1.0;1.0;SFA;SFA2;Markus_Simson.png
208;1.4196355427348598e-36;1.1353662883275337;;1.0;0.75;0.75;Afghanistan;1.9224817123397397;0.991666666666667;0.9577467883565027;Masol Abdelrahman;F;0.75;0;0.0;1.0;AF;AF5;Masol_Abdelrahman.png
209;4.0501283615747297e-38;5.070688352688812;;1.0;1.0;0.75;Mexiko;4.00428837490362;1.234;0.9769377283874877;Mi Mama;MV;0.75;33;0.392857142857143;0.75;TA;TA5;Mi_Mama.png
210;5.520729780437929e-34;5.67618165811228;1;1.0;0.75;0.75;Nya Zeeland;5.28709519532169;1.038;0.9583507173031378;Mike Douglas;F;0.75;51;0.607142857142857;1.0;SS;SS5;Mike_Douglas.png
211;3.4170253290884196e-36;4.685330396620061;;1.0;0.75;0.75;Singapore;3.7048219507340003;1.104;0.9831428699688367;Mildura Ipoh;F;0.75;8;0.0952380952380952;1.0;AF;AF6;Mildura_Ipoh.png
212;1.41505706551477e-34;2.11630235591789;;1.0;0.75;0.75;Slovenien;1.8738117751116499;0.883333333333333;0.9852426487997082;Mill Rech;HM;1.0;1;0.0119047619047619;0.75;ÖR;ÖR4;Mill_Rech.png
213;3.6367071213670196e-34;5.257799383735719;;1.0;0.75;0.75;Japan;3.5356148589983203;0.864;0.9267657719307018;Mina Tirtina;HM;1.0;18;0.214285714285714;0.75;CHA;CHA5;Mina_Tirtina.png
214;4.99176558402898e-42;6.559206186392171;;0.9781210552237966;1.0;0.75;Österrike;3.690604680484208;1.002;0.6315410117160616;Mins Pravo;MV;0.75;19;0.226190476190476;0.75;SL;SL5;Mins_Pravo.png
215;5.171434457457889e-34;5.741881382073521;7;1.0;0.75;1.0;Ryssland;4.87098753284226;1.048;0.9203576219878556;Minto Kobistal;VM;0.75;9;0.107142857142857;0.75;SFÅ;SFÅ2;Minto_Kobistal.png
216;4.002278061822471e-36;5.664740811385212;;1.0;0.75;0.75;Peru;3.8698153122597403;1.22;0.9015177904722734;Mirque Horacio;HM;1.0;0;0.0;0.75;SST;SST4;Mirque_Horacio.png
217;3.12005375139963e-34;6.0191729477981815;;1.0;1.0;0.75;Slovakien;1.551374956801793;0.976;0.956559524519607;Mitja Klarica;MV;0.75;15;0.178571428571429;0.75;ZB;ZB5;Mitja_Klarica.png
218;4.6877409234905205e-36;5.464614544608321;2;1.0;0.75;0.75;Uganda;4.329825176078652;1.07;0.9741831517112122;Moses Ecoco;F;0.75;6;0.0714285714285714;1.0;TW;TW4;Moses_Ecoco.png
219;3.79995311329834e-34;2.171817626412188;;1.0;0.75;0.75;Kenya;5.16537677122245;1.10714285714286;0.9863825326072047;Mosi Kacancu;F;0.75;0;0.0;1.0;HS;HS6;Mosi_Kacancu.png
220;5.0918018422029805e-34;6.479364540919601;;1.0;0.75;0.75;Kongo-Kinshasa;3.9600933763919097;0.976;0.7642737885766046;Mosmos Evoga;F;0.75;33;0.392857142857143;1.0;PBV;PBV3;Mosmos_Evoga.png
221;2.3967145963492497e-34;2.7594904274556398;;1.0;0.75;1.0;Afghanistan;3.15393876524286;1.03333333333333;0.9058715493728028;Nadir Tabasum;VM;0.75;0;0.0;0.75;SVF;SVF3;Nadir_Tabasum.png
222;1.7092168373115596e-34;1.4220196956050422;;1.0;0.75;0.75;Danmark;2.73401493178257;1.1;0.9555426762364658;Naeser Kandsen;F;0.75;2;0.0238095238095238;1.0;SVF;SVF4;Naeser_Kandsen.png
223;2.6199471857420897e-30;1.6945218323083104;;1.0;0.75;0.75;Saudiarabien;4.253564088031269;1.19166666666667;0.9244863901656806;Najeeb Rahila;F;0.75;3;0.0357142857142857;1.0;MÖS;MÖS4;Najeeb_Rahila.png
224;3.4869762715001795e-40;4.700982310112081;;1.0;0.75;1.0;Kenya;3.6329702328882805;1.254;0.953111412204036;Nana Sami;VM;0.75;12;0.142857142857143;0.75;SSL;SSL6;Nana_Sami.png
225;4.232645140887269e-40;6.387169427231839;;1.0;1.0;0.75;Vietnam;3.620858711370421;0.94;0.9382124419700789;Nang Kupang;MV;0.75;9;0.107142857142857;0.75;ÖD;ÖD4;Nang_Kupang.png
226;1.59615538406272e-34;2.2286964643322196;;1.0;0.75;0.75;Portugal;1.9377946638830599;0.883333333333333;0.9940127058207855;Narciso Asycleon;F;0.75;1;0.0119047619047619;1.0;KU;KU5;Narciso_Asycleon.png
227;3.6583100465577397e-38;5.85549402879064;;1.0;1.0;0.75;Vitryssland;2.537534073208391;0.958;0.9493615157778337;Nas Lemin;MV;0.75;19;0.226190476190476;0.75;TWL;TWL3;Nas_Lemin.png
228;4.4273490692368087e-38;5.921216428854749;;1.0;0.75;1.0;Saudiarabien;3.3334817096188702;0.956;0.9778159238461337;Negelli Buta;VM;0.75;31;0.369047619047619;0.75;SFA;SFA3;Negelli_Buta.png
229;1.8147776905431094e-34;2.47546623855544;;1.0;0.75;0.75;Kuba;1.7309853252015603;1.05;0.9808664441303784;Neron Gaul;F;0.75;0;0.0;1.0;GE;GE4;Neron_Gaul.png
230;2.1344715525438206e-34;1.6187625189865;;1.0;0.75;0.75;Kazakstan;2.5916109082487107;0.975;0.9274317936687742;Neyram Bekzat;F;0.75;7;0.0833333333333333;1.0;HS;HS7;Neyram_Bekzat.png
231;3.3347881317040706e-34;5.68403582501143;;1.0;0.75;0.75;Holland;2.5955404383967196;1.05;0.8410995126724062;Nick Dourman;HM;1.0;12;0.142857142857143;0.75;VIK;VIK4;Nick_Dourman.png
232;4.11624993597291e-40;5.993542443077701;;1.0;1.0;0.75;Taiwan;3.490311175315711;1.162;0.9256085179715435;Nigata Vang;MV;0.75;2;0.0238095238095238;0.75;ÖD;ÖD5;Nigata_Vang.png
233;4.894499107470721e-34;5.63423956350767;;1.0;1.0;0.75;Singapore;4.704888423415299;1.072;0.9950683299758132;Nimes Alvo;MV;0.75;27;0.321428571428571;0.75;PF;PF3;Nimes_Alvo.png
234;3.92089439003468e-36;4.703547536534849;13;1.0;0.75;0.75;Laos;3.0582412435345203;1.076;0.9720144881796177;Nito Sirana;HM;1.0;8;0.0952380952380952;0.75;VP;VP5;Nito_Sirana.png
235;2.99019260935988e-34;4.374980385053231;;1.0;1.0;0.75;Iran;2.78301094581985;0.974;0.9721142258022015;Nocha Marcek;MV;0.75;25;0.297619047619048;0.75;TL;TL5;Nocha_Marcek.png
236;1.6851889336959398e-34;2.3909308393843496;;1.0;0.75;0.75;Papua nya guinea;2.3194470280075294;1.15;1.0;Nongo Maroon;HM;1.0;0;0.0;0.75;SVF;SVF5;Nongo_Maroon.png
237;4.357616061610759e-36;6.35394470144577;;1.0;1.0;0.75;Ryssland;3.583123101858248;1.058;0.9115732743740651;Nota Pichta;MV;0.75;7;0.0833333333333333;0.75;TH;TH4;Nota_Pichta.png
238;3.433236705784251e-32;4.301265898796;;1.0;0.75;1.0;Norge;3.3252075127725003;0.958333333333333;0.9838309898722439;Oddi Vermvej;VM;0.75;0;0.0;0.75;CJ;CJ7;Oddi_Vermvej.png
239;1.1626848563668199e-30;2.1402837512569506;;1.0;0.75;0.75;Ukraina;1.2450859614766812;0.925;0.8535881579652527;Okbajev Lazar;HM;1.0;0;0.0;0.75;MÖS;MÖS5;Okbajev_Lazar.png
240;2.69034470836916e-30;5.491171439835069;;1.0;0.75;0.75;Portugal;2.0895179769032404;1.24;0.985231616650968;Olavo Hildogan;HM;1.0;1;0.0119047619047619;0.75;CN;CN5;Olavo_Hildogan.png
241;3.2113235671505015e-34;5.516909684232051;;1.0;1.0;0.75;Sudan;1.882944391528173;1.20714285714286;1.0;Oneida Sefu;MV;0.75;0;0.0;0.75;SSM;SSM4;Oneida_Sefu.png
242;1.0706672872861698e-34;1.7903424830039898;;1.0;0.75;0.75;Uzbekistan;0.8709920915683519;1.34285714285714;0.9432748959106071;Oras Jerjensky;HM;1.0;0;0.0;0.75;DO;DO5;Oras_Jerjensky.png
243;3.5234097016967007e-34;3.6231814070419404;;1.0;0.75;1.0;Grekland;4.773637996351461;1.34285714285714;1.0;Orestes Ouranolos;VM;0.75;0;0.0;0.75;SVF;SVF6;Orestes_Ouranolos.png
244;5.473230300228789e-38;6.89222205757752;4;1.0;1.0;0.75;Sydkorea;4.544742664205689;0.922;0.9826741793847815;Osam Alam;MV;0.75;31;0.369047619047619;0.75;SFA;SFA4;Osam_Alam.png
245;4.2811483544535007e-32;5.521133338557772;;1.0;0.75;1.0;Kongo-Kinshasa;3.4711633703492195;0.934;0.9321569174218044;Osli Tavari;VM;0.75;2;0.0238095238095238;0.75;LION;LION5;Osli_Tavari.png
246;2.83296316379904e-32;5.401207131904888;;1.0;1.0;0.75;Uzbekistan;1.4455972116402491;0.914;0.9002545157043423;Osman Zhelatin;MV;0.75;0;0.0;0.75;TD;TD6;Osman_Zhelatin.png
247;5.427408420399009e-38;6.780673794055869;7;1.0;0.75;0.75;Italien;4.22414304674216;1.104;0.9568166420324768;Ostan Pidrav;HM;1.0;33;0.392857142857143;0.75;KÄ;KÄ4;Ostan_Pidrav.png
248;5.009369139353431e-34;5.52868418254044;12;1.0;0.75;0.75;Italien;4.78005409616643;0.926;0.9826351165548822;Pali Corta;HM;1.0;22;0.261904761904762;0.75;HÖ;HÖ2;Pali_Corta.png
249;4.8805092334837794e-32;5.79455690651891;;1.0;0.75;0.75;Mexiko;4.266461560448651;0.894;0.8633260700826944;Palta Lasta;HM;1.0;64;0.761904761904762;0.75;FF;FF6;Palta_Lasta.png
250;2.8247853839342503e-42;4.5861511475464605;;0.9282983358378446;0.75;0.75;Spanien;2.55341962032204;1.0;0.9784764993615754;Paulo Santillian;HM;1.0;13;0.154761904761905;0.75;SFI;SFI4;Paulo_Santillian.png
251;5.1691589556797995e-40;6.439456139562581;8;1.0;1.0;0.75;Spanien;4.298713179855641;0.956;1.0;Peder Espano;MV;0.75;47;0.55952380952381;0.75;PA;PA3;Peder_Espano.png
252;2.478349546646059e-42;4.976047716083247;;1.0;1.0;0.75;Vitryssland;1.8268022924902731;1.2;0.9741667936183647;Pedimir Ranschenko;MV;0.75;1;0.0119047619047619;0.75;SFI;SFI5;Pedimir_Ranschenko.png
253;3.93021650669394e-34;2.329652456434524;;1.0;0.75;0.75;Sydafrika;5.1139258735335495;1.19;0.9165246280359587;Pelcof Manokey;F;0.75;5;0.0595238095238095;1.0;PF;PF4;Pelcof_Manokey.png
254;3.052294638504359e-36;4.88646978630562;;1.0;0.75;0.75;Italien;2.408119490703099;1.222;0.49524373174935127;Per Petresko Ponni;HM;1.0;35;0.416666666666667;0.75;TW;TW5;Per_Petresko_Ponni.png
255;4.22558390712113e-34;5.299226455744426;;1.0;0.75;1.0;Sverige;3.72194135849782;0.904;0.9850368750101368;Peter Olsson;VM;0.75;44;0.523809523809524;0.75;HÖ;HÖ3;Peter_Olsson.png
256;4.063032946552312e-38;5.570866293599369;;1.0;0.75;0.75;USA;3.375199599505261;0.99;0.9778102510919335;Petr Black;HM;1.0;3;0.0357142857142857;0.75;TWL;TWL4;Petr_Black.png
257;5.3318881517517804e-36;6.19164723913641;12;1.0;0.75;1.0;Kazakstan;4.852129064367159;1.084;0.8831900539774041;Pino Zagiz;VM;0.75;23;0.273809523809524;0.75;DBL;DBL4;Pino_Zagiz.png
258;2.85949928443835e-34;3.36908537184186;;1.0;0.75;0.75;Vitryssland;3.4531085595026694;1.01666666666667;0.8552011612678097;Plavak Lumarek;F;0.75;1;0.0119047619047619;1.0;ELD;ELD5;Plavak_Lumarek.png
259;5.008245120286119e-34;5.63575819471311;6;1.0;0.75;0.75;Tonga;4.989903070668119;1.002;0.8656313942921451;Plir Momento;F;0.75;18;0.214285714285714;1.0;KS;KS3;Plir_Momento.png
260;5.360784643621862e-32;6.5593630694822505;1;1.0;0.75;1.0;Vitryssland;4.6622062177614785;1.04;0.8271527018227107;Polcer Asmin;VM;0.75;16;0.19047619047619;0.75;MS;MS3;Polcer_Asmin.png
261;5.3585016677113906e-36;6.827625743696291;10;1.0;1.0;0.75;Mexiko;4.5098155537340405;0.93;0.9823607681495896;Porti Bobsinen;MV;0.75;75;0.892857142857143;0.75;DBL;DBL5;Porti_Bobsinen.png
262;2.4747497058658105e-34;1.227310108024082;;1.0;0.75;0.75;Skottland;3.6297094377602996;1.01666666666667;0.9855948699745644;Portron Tulingham;F;0.75;1;0.0119047619047619;1.0;ARK;ARK5;Portron_Tulingham.png
263;2.6678031321451506e-34;5.156108019523719;;1.0;0.75;0.75;Frankrike;2.219498244766581;1.14;0.9671448263378252;Quisitan Canyoté;HM;1.0;0;0.0;0.75;ÖR;ÖR5;Quisitan_Canyoté.png
264;3.2357530575187404e-34;5.224326341955259;;1.0;1.0;0.75;Danmark;2.9278931308639704;1.06666666666667;1.0;Ragnus Auhlman;MV;0.75;2;0.0238095238095238;0.75;GC;GC5;Ragnus_Auhlman.png
265;4.533590844312579e-36;5.861860384519;16;1.0;0.75;0.75;Irland;3.824744484174969;1.098;0.8934544982998711;Ray McGotun;F;0.75;39;0.464285714285714;1.0;TH;TH5;Ray_McGotun.png
266;2.6680265170876496e-38;4.552717652475789;;1.0;1.0;0.75;Island;2.1059898140054503;1.306;0.9584020864877779;Rayne Holm;MV;0.75;10;0.119047619047619;0.75;ISF;ISF5;Rayne_Holm.png
267;4.1452605420586e-36;5.274501312038491;10;1.0;0.75;1.0;England;3.8160197720786986;1.078;1.0;Rean Sharp;VM;0.75;35;0.416666666666667;0.75;LOD;LOD4;Rean_Sharp.png
268;2.13107606192107e-34;3.5494364329121204;;1.0;0.75;0.75;Israel;2.4421691479270407;1.07142857142857;0.989972722817653;Rechi Benchai;F;0.75;1;0.0119047619047619;1.0;GE;GE5;Rechi_Benchai.png
269;1.59544084555092e-34;2.78007684093325;;1.0;1.0;0.75;Grekland;2.07848685247741;1.316;0.9379633578689502;Reck Scheek;MV;0.75;10;0.119047619047619;0.75;ELD;ELD6;Reck_Scheek.png
270;3.6377567282857703e-34;5.527407950777741;;1.0;0.75;1.0;Tanzania;2.4881055057937997;1.03;0.9312210265589459;Reman Raga;VM;0.75;1;0.0119047619047619;0.75;VIK;VIK5;Reman_Raga.png
271;3.1108962417620596e-34;4.201192194109499;;1.0;0.75;1.0;Kenya;3.5606002894146305;1.166;0.8817005039976186;Renan Bilan;VM;0.75;12;0.142857142857143;0.75;PF;PF5;Renan_Bilan.png
272;1.88712763937187e-34;2.91827176935043;;1.0;0.75;0.75;Israel;1.8159835093933199;1.082;0.9621081243330825;Reni Slachi;HM;1.0;0;0.0;0.75;TBT;TBT4;Reni_Slachi.png
273;3.5899348008268807e-34;5.236965253098139;;1.0;1.0;0.75;Chile;2.7743891224199895;1.17142857142857;0.990452777863751;Renzo Euquerio;MV;0.75;0;0.0;0.75;ARK;ARK6;Renzo_Euquerio.png
274;3.992070930677811e-38;3.1071582708424192;;1.0;0.75;0.75;Uruguay;3.848679370568081;0.92;0.9277199390107285;Rhoran Calexo;F;0.75;0;0.0;1.0;HH;HH6;Rhoran_Calexo.png
275;2.9039742718548506e-32;4.0329767905425005;;1.0;0.75;0.75;Australien;2.53497175316719;1.058;0.9434125807794427;Rice Putton;HM;1.0;14;0.166666666666667;0.75;MS;MS4;Rice_Putton.png
276;4.50832848223881e-34;2.9641007665091097;;1.0;0.75;0.75;Kroatien;5.6411469593919294;0.98;0.8664834371007174;Richie Stantinchy;F;0.75;5;0.0595238095238095;1.0;SFÅ;SFÅ3;Richie_Stantinchy.png
277;4.6688340220984505e-36;6.07383413095423;12;1.0;1.0;0.75;England;3.87633385881477;1.052;0.9665203971752584;Rick Pearson;MV;0.75;37;0.44047619047619;0.75;SST;SST5;Rick_Pearson.png
278;2.737488278070349e-34;3.1736693418132598;;1.0;0.75;0.75;Finland;3.841307214327429;0.941666666666667;0.9825808474587119;Rikkim Samo;HM;1.0;0;0.0;0.75;GC;GC6;Rikkim_Samo.png
279;4.058848996444951e-34;4.494799112193431;;1.0;0.75;0.75;Tyskland;4.142898880696471;1.096;1.0;Rin Deger;HM;1.0;18;0.214285714285714;0.75;BK;BK3;Rin_Deger.png
280;2.9827091175043504e-34;4.119654303584021;;1.0;0.75;0.75;Island;3.14576393142468;1.036;0.8992076912631969;Rin Wollford;HM;1.0;4;0.0476190476190476;0.75;SS;SS6;Rin_Wollford.png
281;1.1027696678111899e-38;2.4275300683851797;;1.0;0.75;0.75;Tanzania;1.0780092672371901;1.336;0.8955675010670276;Ristan Sergeg;HM;1.0;7;0.0833333333333333;0.75;ISF;ISF6;Ristan_Sergeg.png
282;4.1693752524209415e-42;6.6418038150726515;;0.838290857244882;0.75;0.75;Saudiarabien;3.3469466897692284;1.125;0.8814708625077805;Rizwan Shirzad;HM;1.0;3;0.0357142857142857;0.75;SL;SL6;Rizwan_Shirzad.png
283;3.971410165725151e-34;4.46478249946688;;1.0;0.75;0.75;Ryssland;4.32803783198342;1.28;1.0;Ro Chomon;HM;1.0;19;0.226190476190476;0.75;KS;KS4;Ro_Chomon.png
284;3.07847495949361e-34;4.6989812201882595;;1.0;0.75;0.75;Finland;2.8414707856971897;0.944;1.0;Robert Hare;F;0.75;1;0.0119047619047619;1.0;EAG;EAG2;Robert_Hare.png
285;4.6236253060254305e-34;5.621059470593482;13;1.0;0.75;1.0;Peru;4.306191141457389;0.992;0.9611210526239581;Roberto Merlo;VM;0.75;1;0.0119047619047619;0.75;EAG;EAG3;Roberto_Merlo.png
286;3.6217840162444596e-34;5.324737482702489;;1.0;1.0;0.75;Ukraina;3.68235381655742;0.954;0.9321846490591702;Rochan Drimin;MV;0.75;11;0.130952380952381;0.75;EAG;EAG4;Rochan_Drimin.png
287;3.0055159866647196e-34;3.8228026900101497;;1.0;0.75;0.75;Holland;2.80822928331929;0.88;0.9665760806120568;Rolf Gross;HM;1.0;7;0.0833333333333333;0.75;EAG;EAG5;Rolf_Gross.png
288;2.02522636884172e-34;3.4070504112146307;;1.0;1.0;0.75;Holland;2.3924903052823394;1.186;0.939352237233511;Roly Steeny;MV;0.75;6;0.0714285714285714;0.75;HÖ;HÖ4;Roly_Steeny.png
289;4.270322542764871e-36;6.21400431412075;;1.0;0.75;0.75;Kazakstan;3.616640771408981;1.07;0.992462542750035;Roman Osparov;HM;1.0;7;0.0833333333333333;0.75;BI;BI5;Roman_Osparov.png
290;4.805344442700261e-30;5.053036689094939;;1.0;0.75;0.75;Tonga;4.816882945103801;1.26;0.939416066617503;Roto Perpani;F;0.75;34;0.404761904761905;1.0;NS;NS5;Roto_Perpani.png
291;1.20682689149874e-32;2.3440394947431695;;1.0;0.75;1.0;Danmark;1.3496142882543;1.204;0.9528802493030316;Roudi Mull;VM;0.75;18;0.214285714285714;0.75;MS;MS5;Roudi_Mull.png
292;3.561098830265709e-34;5.09219737997895;;1.0;0.75;1.0;Tyskland;3.01000028055247;1.08;0.9660061166579216;Roy Hauger;VM;0.75;1;0.0119047619047619;0.75;TBT;TBT5;Roy_Hauger.png
293;2.31277160464693e-30;4.54667103739732;;1.0;0.75;1.0;Skottland;1.81887217189655;1.15714285714286;0.9970869281939853;Rudy O'Shelko;VM;0.75;1;0.0119047619047619;0.75;S;S5;Rudy_O'Shelko.png
294;3.41955977595656e-34;5.689943742724679;;1.0;1.0;0.75;Kongo-Kinshasa;2.0539838258043805;1.03333333333333;1.0;Rumbizay Emhondo;MV;0.75;1;0.0119047619047619;0.75;SVF;SVF7;Rumbizay_Emhondo.png
295;2.8365539924219402e-30;4.9638196657933396;;1.0;1.0;0.75;Papua nya guinea;2.23565548236484;0.98;0.8866030964052815;Rundol Quinny;MV;0.75;0;0.0;0.75;CN;CN6;Rundol_Quinny.png
296;4.80638993215812e-34;5.46684783357179;8;1.0;0.75;0.75;Portugal;4.74275133121567;0.996;0.8003442486612105;Sã Rico;F;0.75;1;0.0119047619047619;1.0;TBT;TBT6;Sã_Rico.png
297;3.3760401174779597e-38;5.033572356305469;;1.0;1.0;0.75;Uzbekistan;2.6297417592367003;1.184;0.9227212937257051;Samari Rosea;MV;0.75;4;0.0476190476190476;0.75;TA;TA6;Samari_Rosea.png
298;4.530811682428711e-34;6.2182853867884;;1.0;0.75;0.75;Bolivia;3.4533379780690208;0.968;0.9850836524723843;Sãn Carlos;HM;1.0;17;0.202380952380952;0.75;VIK;VIK6;Sãn_Carlos.png
299;2.34389224099689e-36;3.16750673768698;;1.0;0.75;0.75;Sudan;2.5102777443067996;0.925;0.8635278817845349;Sandof Ghad;HM;1.0;0;0.0;0.75;SOL;SOL6;Sandof_Ghad.png
300;3.8618275177549016e-36;3.0944268856993653;;1.0;0.75;0.75;Peru;5.53009460579192;1.18333333333333;0.9963932818422664;Sandro Ciano;F;0.75;0;0.0;1.0;SOS;SOS5;Sandro_Ciano.png
301;4.1971542503423496e-32;5.615298175255342;;1.0;1.0;0.75;Egypten;4.024938362972852;1.034;1.0;Sani Solar;MV;0.75;13;0.154761904761905;0.75;LION;LION6;Sani_Solar.png
302;3.1203330495922793e-34;2.82074550726028;;1.0;0.75;1.0;Laos;4.499920591924279;1.1;0.8008602709538002;Savan Amrandipur;VM;0.75;7;0.0833333333333333;0.75;GC;GC7;Savan_Amrandipur.png
303;4.86657791885369e-38;6.4256259917242815;;1.0;1.0;0.75;Argentina;4.21300580954781;1.126;0.999540799070123;Sean Covis;MV;0.75;53;0.630952380952381;0.75;SF;SF5;Sean_Covis.png
304;3.135474633522511e-34;5.270352586144818;;1.0;0.75;1.0;Australien;2.51059668090019;0.908333333333333;0.9392423699262696;Sebastian Heraldy;VM;0.75;0;0.0;0.75;KU;KU6;Sebastian_Heraldy.png
305;2.4882708236063396e-40;3.08714195363865;;1.0;0.75;1.0;Frankrike;2.9893996935740397;1.11;0.9887020157371471;See Fransoa;VM;0.75;16;0.19047619047619;0.75;SSL;SSL7;See_Fransoa.png
306;3.454438006792131e-36;4.7661914790248;;1.0;0.75;0.75;Sydafrika;3.2726845345594597;0.88;0.9741604742145817;Sesam Orina;HM;1.0;26;0.30952380952381;0.75;TG;TG5;Sesam_Orina.png
307;3.835811605647921e-34;5.198908703187589;;1.0;1.0;0.75;Sydafrika;3.7461659593384202;0.908;0.956734934163802;Shaman Ismal;MV;0.75;5;0.0595238095238095;0.75;KS;KS5;Shaman_Ismal.png
308;1.56572114930544e-30;3.0976131268854203;;1.0;1.0;0.75;Sydafrika;0.9728831829354562;0.991666666666667;0.9452161155982101;Shane Akay;MV;0.75;0;0.0;0.75;MÖS;MÖS6;Shane_Akay.png
309;5.097870668574779e-34;5.7610397517427305;20;1.0;0.75;1.0;Taiwan;4.83470158540683;1.024;0.8769596960415778;Shi Wolware;VM;0.75;33;0.392857142857143;0.75;SSM;SSM5;Shi_Wolware.png
310;5.450829571404379e-36;6.18081530608539;5;1.0;0.75;0.75;Saudiarabien;4.41084383672336;1.05;0.9863362281892458;Shibam Delhi;HM;1.0;70;0.833333333333333;0.75;DBL;DBL6;Shibam_Delhi.png
311;2.514443661319721e-34;2.8222668478576196;;1.0;0.75;0.75;Japan;2.7666204747818206;1.07142857142857;0.97511602664842;Shinda Masato;HM;1.0;0;0.0;0.75;PBV;PBV4;Shinda_Masato.png
312;3.76693573933115e-34;5.1405257294098305;;1.0;0.75;0.75;Kina;3.9578757459453597;0.932;0.9379736718057031;Si Vor Sang;F;0.75;23;0.273809523809524;1.0;PF;PF6;Si_Vor_Sang.png
313;2.3297703236001505e-34;4.122841247533589;;1.0;1.0;0.75;Sydkorea;2.2051639377;1.11666666666667;0.9609808907107673;Si-lok Choe;MV;0.75;0;0.0;0.75;ÖR;ÖR6;Si-lok_Choe.png
314;2.371193378205949e-34;4.487258471854611;;1.0;1.0;0.75;Japan;2.05709573773295;1.06666666666667;0.8248360199745289;Sin'ichi Kazou;MV;0.75;0;0.0;0.75;SV;SV6;Sin'ichi_Kazou.png
315;5.006537618364381e-34;6.57309060257795;13;1.0;0.75;0.75;Tonga;4.1455022955553416;0.802;0.9778865621966865;Sinov Skottogall;F;0.75;14;0.166666666666667;1.0;LEO;LEO4;Sinov_Skottogall.png
316;4.16960967088648e-36;5.73252108646914;8;1.0;0.75;1.0;Uruguay;3.81669825530382;0.986;0.9514417705929746;Sio Jutila;VM;0.75;21;0.25;0.75;TW;TW6;Sio_Jutila.png
317;3.468925694094511e-40;5.219640127695023;;0.9952004257359932;0.75;0.75;Kongo-Kinshasa;2.82821126049401;1.148;0.9751695512212565;Sisjo Bahljna;HM;1.0;16;0.19047619047619;0.75;PA;PA4;Sisjo_Bahljna.png
318;5.311148153166072e-38;6.74940055892059;14;1.0;0.75;0.75;Tjeckien;4.3928957474115595;0.942;0.9554260001756014;Sjitomir Izmin;HM;1.0;14;0.166666666666667;0.75;SFA;SFA5;Sjitomir_Izmin.png
319;3.7228846799956204e-34;4.38018712346089;;1.0;0.75;0.75;Danmark;3.67558223653035;0.922;1.0;Skov Dosko;HM;1.0;23;0.273809523809524;0.75;LEO;LEO5;Skov_Dosko.png
320;1.6409815323504105e-36;2.95192932910116;;1.0;0.75;1.0;Colombia;1.01003373559966;0.91;0.978758762171311;Slihxo Gutierrez;VM;0.75;0;0.0;0.75;KN;KN3;Slihxo_Gutierrez.png
321;4.289330223088399e-36;5.948859569973308;5;1.0;1.0;0.75;Brasilien;3.8400362027610395;0.93;0.9801152692347119;Sonati Slavi;MV;0.75;1;0.0119047619047619;0.75;LOD;LOD5;Sonati_Slavi.png
322;2.6376796527276896e-36;2.2043608901249603;;1.0;0.75;1.0;Ecuador;3.390998415330409;1.09;0.9397229145162751;Soso Molina;VM;0.75;0;0.0;0.75;VP;VP6;Soso_Molina.png
323;1.795746558972171e-36;2.68423008677504;;1.0;1.0;0.75;Italien;2.1430212672678706;1.00833333333333;0.9420150655296525;Stana Jouli;MV;0.75;33;0.392857142857143;0.75;KN;KN4;Stana_Jouli.png
324;5.553347598383671e-34;6.98435102338118;1;1.0;0.75;1.0;Ukraina;4.082344173386151;1.014;0.8353399544740244;Stari Konov;VM;0.75;43;0.511904761904762;0.75;PBV;PBV5;Stari_Konov.png
325;2.8157281937503698e-34;4.03596875656842;;1.0;0.75;0.75;Nya Zeeland;3.0054876309323197;1.032;0.9240012265036925;Steewert Skreel;HM;1.0;17;0.202380952380952;0.75;SSM;SSM6;Steewert_Skreel.png
326;3.50995175073978e-30;4.73190334988323;;1.0;0.75;1.0;Irland;3.13800015159633;0.996;0.9450183236001829;Steve Shannon;VM;0.75;1;0.0119047619047619;0.75;S;S6;Steve_Shannon.png
327;4.117381929302e-38;5.63162360913351;;1.0;1.0;0.75;Australien;4.36101940955473;1.252;0.9931858563525211;Straw Cleo;MV;0.75;6;0.0714285714285714;0.75;TWL;TWL5;Straw_Cleo.png
328;3.97094207847572e-34;5.142139922295761;;1.0;1.0;0.75;Österrike;4.064145312745669;1.066;0.9805803649098435;Strivi Wolffgang;MV;0.75;14;0.166666666666667;0.75;DO;DO6;Strivi_Wolffgang.png
329;2.13734669722905e-34;2.121884284205542;;1.0;0.75;0.75;Slovenien;3.0576549725780597;1.10714285714286;0.9670843124015746;Svelko Lovic;F;0.75;0;0.0;1.0;BK;BK4;Svelko_Lovic.png
330;3.47613075183919e-36;2.7073914362068403;;1.0;0.75;0.75;Mexiko;4.138623628927419;1.05;0.903812185237499;Tacito Eterio;F;0.75;9;0.107142857142857;1.0;LOD;LOD6;Tacito_Eterio.png
331;2.7652173990381602e-36;3.93622845777367;;1.0;0.75;0.75;Ryssland;3.32420634030266;1.25;0.9630620588099256;Tadji Tjerkovski;HM;1.0;19;0.226190476190476;0.75;SOS;SOS6;Tadji_Tjerkovski.png
332;5.2364058260440104e-36;6.232872220654749;2;1.0;0.75;0.75;Sydkorea;4.348761562970189;0.932;0.6936121789152879;Tai Alam;F;0.75;24;0.285714285714286;1.0;SST;SST6;Tai_Alam.png
333;1.48460371119732e-34;2.64856730836546;;1.0;0.75;0.75;Slovenien;1.9219613130852198;0.95;0.9041644979434943;Tanilyev Valarin;F;0.75;0;0.0;1.0;BM;BM5;Tanilyev_Valarin.png
334;4.48793534447465e-34;5.51890160760949;18;1.0;0.75;1.0;Egypten;4.06696908133981;0.954;1.0;Tanitor Shinni;VM;0.75;12;0.142857142857143;0.75;BK;BK5;Tanitor_Shinni.png
335;3.7129430909223295e-34;4.866745309599438;;1.0;1.0;0.75;Egypten;3.1672397629066604;1.02;0.9985476956138426;Tari Aldarin;MV;0.75;13;0.154761904761905;0.75;BK;BK6;Tari_Aldarin.png
336;4.71073231720868e-34;5.8489953363456495;18;1.0;0.75;0.75;Kroatien;3.995223637784039;0.902;0.9136756509617869;Ted Viovic;F;0.75;4;0.0476190476190476;1.0;SFÅ;SFÅ4;Ted_Viovic.png
337;2.73210878575029e-36;3.95450974807221;;1.0;0.75;0.75;Kongo-Kinshasa;2.2371748108690097;0.933333333333333;0.7113129799058712;Tib Mourbaa;F;0.75;2;0.0238095238095238;1.0;KN;KN5;Tib_Mourbaa.png
338;4.58118660333874e-34;5.639332399172929;20;1.0;1.0;0.75;Nya Zeeland;4.27896790958747;1.076;0.765433296863777;Timmy May;MV;0.75;13;0.154761904761905;0.75;SFÅ;SFÅ5;Timmy_May.png
339;3.1839392474350797e-34;2.81697290895574;;1.0;0.75;1.0;Colombia;4.610905585914409;0.958333333333333;1.0;Tirso Asturias;VM;0.75;0;0.0;0.75;ELD;ELD7;Tirso_Asturias.png
340;3.633204524736199e-40;5.8002027186729;;1.0;0.75;1.0;Sydkorea;2.52620633079949;1.054;1.0;Tito Morsa;VM;0.75;18;0.214285714285714;0.75;PA;PA5;Tito_Morsa.png
341;3.84310490580998e-34;5.373238435459648;;1.0;0.75;0.75;Vietnam;3.88968255271019;0.98;0.9943611257753072;Tiz Lang;F;0.75;3;0.0357142857142857;1.0;HÖ;HÖ5;Tiz_Lang.png
342;3.85090195122926e-40;7.1046797905356405;;1.0;1.0;0.75;Somalia;1.94523519226968;1.006;0.9708235796289656;Tjick Songa;MV;0.75;7;0.0833333333333333;0.75;PA;PA6;Tjick_Songa.png
343;4.719695193260361e-36;5.86999665073701;9;1.0;0.75;0.75;Brasilien;4.00949422160925;1.126;0.9581790534970419;Toko Viola;F;0.75;5;0.0595238095238095;1.0;TH;TH6;Toko_Viola.png
344;5.220272003508161e-38;6.55721069554226;17;1.0;0.75;0.75;Kanada;4.22231287548543;1.124;0.9930667796226594;Tommy Chrose;F;0.75;43;0.511904761904762;1.0;KÄ;KÄ5;Tommy_Chrose.png
345;5.185333916007039e-34;6.79417769699977;19;1.0;1.0;0.75;Argentina;4.097068244517951;1.09;0.9621500767422783;Ton Facia;MV;0.75;30;0.357142857142857;0.75;PBV;PBV6;Ton_Facia.png
346;3.10303729146548e-34;4.641459679291871;;1.0;0.75;1.0;Norge;3.1846149036391;1.11;0.9644657008196572;Tor Dyvendal;VM;0.75;4;0.0476190476190476;0.75;TL;TL6;Tor_Dyvendal.png
347;2.2082458635137095e-36;4.03398565164034;;1.0;0.75;1.0;Kenya;2.0425060753870814;1.222;0.9627293496135028;Toral Scheral;VM;0.75;1;0.0119047619047619;0.75;KN;KN6;Toral_Scheral.png
348;5.31994603020795e-38;6.16245662976395;13;1.0;0.75;1.0;Spanien;4.74743543065194;1.2;0.9514102637043849;Tos Ria;VM;0.75;67;0.797619047619048;0.75;KÄ;KÄ6;Tos_Ria.png
349;5.12703940635225e-32;6.155125398748539;3;1.0;0.75;0.75;Japan;4.371648744754728;1.016;0.9089127955285082;Trivo Mino;F;0.75;21;0.25;1.0;MS;MS6;Trivo_Mino.png
350;3.6156612686810505e-34;4.953221562296542;;1.0;0.75;0.75;Taiwan;4.0081009750655605;1.175;0.9627627026295629;Tseng Yao-cun;HM;1.0;0;0.0;0.75;ARK;ARK7;Tseng_Yao-cun.png
351;1.7046146174009798e-30;2.47478352633422;;1.0;0.75;1.0;Uganda;1.82444570846774;0.991666666666667;0.9345813341571167;Tumelo Kamirakwo;VM;0.75;0;0.0;0.75;NS;NS6;Tumelo_Kamirakwo.png
352;4.715202551827871e-38;6.40922256464979;;1.0;0.75;0.75;Egypten;3.4658558766132597;0.95;1.0;Tycha Cha;F;0.75;21;0.25;1.0;SF;SF6;Tycha_Cha.png
353;4.6024464975713305e-38;5.822622048888177;;1.0;0.75;1.0;Island;4.262270946254472;1.252;0.972213723313244;Ule Deger;VM;0.75;43;0.511904761904762;0.75;SFA;SFA6;Ule_Deger.png
354;3.7072068471729006e-42;5.733224444368671;;0.9235375879424967;0.75;1.0;Island;2.8311892499771303;1.00833333333333;0.7194462928576695;Ulfar Rögnavall;VM;0.75;0;0.0;0.75;SFI;SFI6;Ulfar_Rögnavall.png
355;3.0223047713771197e-34;2.580960544920131;;1.0;0.75;0.75;Norge;3.656534255681781;0.991666666666667;0.9846203725179903;Urlanik Skandril;F;0.75;0;0.0;1.0;SV;SV7;Urlanik_Skandril.png
356;1.99944671518812e-34;3.0894415691449097;;1.0;1.0;0.75;Ecuador;1.74945443425292;1.11666666666667;0.9107824738860362;Vargas  Zega;MV;0.75;0;0.0;0.75;COB;COB7;Vargas__Zega.png
357;3.80040784511196e-34;4.812685494669091;;1.0;0.75;0.75;Paraguay;3.8681301955548197;1.1;0.9426265882905861;Waterio Garza;HM;1.0;0;0.0;0.75;SFÅ;SFÅ6;Waterio_Garza.png
358;2.685707504721901e-38;4.19291841287025;;1.0;0.75;0.75;Taiwan;1.710900232623;1.002;0.8638209128318107;We Wang;F;0.75;18;0.214285714285714;1.0;TWL;TWL6;We_Wang.png
359;5.769015569571879e-36;6.23174532340925;1;1.0;0.75;1.0;Kina;4.956285815734519;1.144;0.9866370544194154;Ving Mo Ching;VM;0.75;58;0.69047619047619;0.75;TG;TG6;Ving_Mo_Ching.png
360;3.0929093779106394e-36;5.266944085147279;;1.0;0.75;0.75;Kroatien;2.878874670674;1.11666666666667;0.8067971331981372;Vintro Kehzucvic;HM;1.0;0;0.0;0.75;AF;AF7;Vintro_Kehzucvic.png
361;3.1860130968804802e-34;5.058996854458739;;1.0;0.75;1.0;Kirgizistan;2.5930293393022303;1.014;0.9756775869337218;Winzo Manchevo;VM;0.75;5;0.0595238095238095;0.75;KS;KS6;Winzo_Manchevo.png
362;1.3093882073797401e-30;2.7794468491141298;;1.0;1.0;0.75;Kuba;1.2943002447781606;1.10833333333333;1.0;Vito Hizvic;MV;0.75;0;0.0;0.75;MÖS;MÖS7;Vito_Hizvic.png
363;3.20692732235802e-36;5.739143236569509;;1.0;1.0;0.75;Schweiz;1.8186034510407898;0.966666666666667;0.9866140130549335;Vizenco Cipriani;MV;0.75;0;0.0;0.75;SOL;SOL7;Vizenco_Cipriani.png
364;2.1300983613898993e-34;2.4456843339036696;;1.0;0.75;0.75;Tjeckien;2.63970771304738;1.32;0.9937248845731538;Vojtìch Draghoslav;F;0.75;1;0.0119047619047619;1.0;BM;BM6;Vojtìch_Draghoslav.png
365;1.9448968476043104e-34;3.11823892198659;;1.0;0.75;0.75;Vietnam;2.0693354646827906;0.95;1.0;Volgov Tanshini;F;0.75;2;0.0238095238095238;1.0;EAG;EAG6;Volgov_Tanshini.png
366;2.355753629137801e-34;3.3522694695302597;;1.0;0.75;0.75;Somalia;2.8914097355428203;1.225;0.9740359162917773;Woshila Omobolan;F;0.75;0;0.0;1.0;ÖR;ÖR7;Woshila_Omobolan.png
367;1.41645540232543e-34;2.04749720952658;;1.0;0.75;1.0;Vietnam;2.02541359512428;0.933333333333333;0.9283450902657272;Wu Fujin;VM;0.75;1;0.0119047619047619;0.75;BM;BM7;Wu_Fujin.png
368;2.6961721783098495e-30;2.4961883667873304;;1.0;0.75;0.75;Kina;3.37615598983237;1.10714285714286;0.9831772671792325;Xiaolin Yi;HM;1.0;4;0.0476190476190476;0.75;NS;NS7;Xiaolin_Yi.png
369;4.31545055564983e-40;5.73650661938259;;0.9832700577518747;0.75;1.0;Vietnam;3.964394491917083;1.18333333333333;0.9843184274618969;Xuhan Quach;VM;0.75;0;0.0;0.75;ÖD;ÖD6;Xuhan_Quach.png
370;4.18423417243114e-36;5.010868455267321;;1.0;0.75;1.0;Israel;4.437599889594971;1.34285714285714;0.96175110355268;Yasen Avigdor;VM;0.75;0;0.0;0.75;KN;KN7;Yasen_Avigdor.png
371;1.7649828237526303e-34;2.74375228847357;;1.0;0.75;0.75;Egypten;1.7291365139386699;0.95;0.9499313921297134;Yasseen Xhiliphear;F;0.75;0;0.0;1.0;GE;GE6;Yasseen_Xhiliphear.png
372;2.655815035681471e-34;4.963291635215501;;1.0;1.0;0.75;Israel;1.534600136380418;1.15714285714286;0.8595565122184023;Yoel Liron;MV;0.75;0;0.0;0.75;LEO;LEO6;Yoel_Liron.png
373;3.649941819598121e-42;3.3109968886161094;;1.0;0.75;0.75;Turkiet;4.499238440252792;1.16666666666667;0.9522982050500011;Yosuf Azad;F;0.75;0;0.0;1.0;SFI;SFI7;Yosuf_Azad.png
374;3.933857251324068e-34;4.484022198625189;;1.0;0.75;0.75;Kuba;4.6736923040229525;0.958333333333333;0.9218955630699094;Yssip Eliodor;HM;1.0;0;0.0;0.75;KU;KU7;Yssip_Eliodor.png
375;2.13907007340136e-36;2.20414826120006;;1.0;0.75;1.0;Peru;3.5039918856026695;0.925;1.0;Zacaris Serafino;VM;0.75;0;0.0;0.75;SOS;SOS7;Zacaris_Serafino.png
376;3.59237113367362e-36;6.621924164993259;;1.0;1.0;0.75;Colombia;1.8380415866941504;1.15;0.9753349835723788;Zavier Myrgolas;MV;0.75;0;0.0;0.75;BI;BI6;Zavier_Myrgolas.png
377;3.7853761996228394e-34;5.1198216591660195;16;1.0;0.75;0.75;Chile;3.875745893260719;0.994;0.9338871100497358;Ziee Codan;F;0.75;3;0.0357142857142857;1.0;CHA;CHA6;Ziee_Codan.png
378;3.862869873969479e-34;6.509737059186611;;1.0;1.0;0.75;Uruguay;2.1925690961437896;1.16;1.0;Zoko Camilio;MV;0.75;0;0.0;0.75;ZB;ZB6;Zoko_Camilio.png
379;3.73324903194171e-34;2.918465332447533;;1.0;0.75;0.75;Slovakien;5.52643816493783;1.21666666666667;0.9131303136218744;Zonar Cenck;F;0.75;1;0.0119047619047619;1.0;HÖ;HÖ6;Zonar_Cenck.png
