id;Ability;DefensiveAbility;DivisionRank;Fitness;GKPosExperience;LMPosExperience;Nation;OffensiveAbility;PlayerMotivation;Name;Position;RMPosExperience;Routine;RoutineRank;STPosExperience;Team;TeamPlayerID;Image;PlayerChemistry
1;1.67652179877027;0.75329710184609;0;1.0;0.75;0.75;Italien;2.29200493005305;1.0;Albrieto Gassi;F;0.75;0;0.0;1.0;GC;GC1;Albrieto_Gassi.png;0.9
2;1.25070925521152;0.810104403128911;;1.0;0.75;0.75;Kuba;1.54444582326659;1.05;Alejandro Fuilleca;F;0.75;0;0.0;1.0;MÖS;MÖS1;Alejandro_Fuilleca.png;1.16666666666667
3;4.58015377603818;4.57150482127414;;1.0;0.75;1.0;Vitryssland;4.58880273080223;1.0015;Alex Petri;VM;0.75;26;0.30952380952381;0.75;KÄ;KÄ1;Alex_Petri.png;0.998
4;2.50448635735938;2.31782957580878;;1.0;1.0;0.75;Afghanistan;2.78447152968527;1.5;Ali Abdul;MV;0.75;25;0.297619047619048;0.75;CJ;CJ1;Ali_Abdul.png;1.264
5;4.59703820636295;4.32041063395899;19;0.93;0.75;0.75;Grekland;4.78145658796559;1.3905;Ali Polly;F;0.75;6;0.0714285714285714;1.0;SSL;SSL1;Ali_Polly.png;0.92
6;3.53251975173484;3.17688040185416;;0.97;0.75;0.75;Paraguay;3.88815910161552;1.5;Arturo D'cruz;HM;1.0;0;0.0;0.75;TW;TW1;Arturo_D'cruz.png;1.192
7;1.34961629279584;0.685156115305191;;1.0;0.75;1.0;Paraguay;2.01407647028649;1.2145;Ascencion Sala;VM;0.75;2;0.0238095238095238;0.75;CHA;CHA1;Ascencion_Sala.png;1.028
8;3.79529061670704;3.53884130910814;;1.0;0.75;0.75;Uganda;4.05173992430594;0.94;Asli Bukaro;HM;1.0;2;0.0238095238095238;0.75;KN;KN1;Asli_Bukaro.png;0.958333333333333
9;4.57468236884523;4.29310337455946;14;1.0;0.75;1.0;Brasilien;4.85626136313101;1.5;Astino Komba;VM;0.75;17;0.202380952380952;0.75;KS;KS1;Astino_Komba.png;1.078
10;2.84021165983343;3.39105311960711;;1.0;0.75;0.75;Argentina;2.28937020005974;1.495;Audril Bonifácio;HM;1.0;16;0.19047619047619;0.75;SOL;SOL1;Audril_Bonifácio.png;1.36
11;4.12244793421628;5.82581342993266;;1.0;1.0;0.75;Frankrike;1.56739969064171;0.99;Avian Jeaneur;MV;0.75;0;0.0;0.75;BM;BM1;Avian_Jeaneur.png;0.966666666666667
12;1.64676906731496;1.83138465491271;;1.0;1.0;0.75;Kongo-Kinshasa;1.36984568591834;1.0;Ayo N'gobe;MV;0.75;1;0.0119047619047619;0.75;SV;SV1;Ayo_N'gobe.png;1.01666666666667
13;3.80965776588013;3.68011424386676;;1.0;0.75;0.75;Colombia;3.93920128789349;1.49;Baldomero Cameillaz;HM;1.0;0;0.0;0.75;HS;HS1;Baldomero_Cameillaz.png;0.991666666666667
14;5.22804507775681;4.97359813145141;16;1.0;0.75;0.75;Holland;5.39767637529374;1.5;Barbento Texako;F;0.75;63;0.75;1.0;FF;FF1;Barbento_Texako.png;0.914
15;2.22065706277554;1.33000624922224;;1.0;0.75;0.75;Australien;2.81442427181107;1.395;Barras Rafter;F;0.75;0;0.0;1.0;KU;KU1;Barras_Rafter.png;0.908333333333333
16;4.06055356519182;3.63234840171998;;1.0;1.0;0.75;Finland;4.70286131039959;1.5;Bebe Käke;MV;0.75;66;0.785714285714286;0.75;TG;TG1;Bebe_Käke.png;0.952
17;2.44540501046589;2.19631759138288;;1.0;0.75;0.75;Somalia;2.6944924295489;1.025;Bengali Ladé;HM;1.0;0;0.0;0.75;CJ;CJ2;Bengali_Ladé.png;0.975
18;2.68165491398388;3.61592546938004;;1.0;1.0;0.75;Bolivia;1.28024908088964;1.385;Beylon Caetano;MV;0.75;0;0.0;0.75;AF;AF1;Beylon_Caetano.png;0.991666666666667
19;1.94565030828137;1.04398894684049;;1.0;0.75;0.75;Colombia;2.54675788257528;1.0;Bibo Epifanio;F;0.75;0;0.0;1.0;BI;BI1;Bibo_Epifanio.png;1.06
20;5.23480943509951;5.14564889650662;5;1.0;0.75;0.75;Kanada;5.29424979416145;0.852000000000001;Bill Jameburg;F;0.75;50;0.595238095238095;1.0;PA;PA1;Bill_Jameburg.png;1.002
21;2.55934540887751;2.84047039550866;;1.0;0.75;0.75;Sydafrika;2.27822042224636;1.5;Binas Boto;HM;1.0;14;0.166666666666667;0.75;SOL;SOL2;Binas_Boto.png;1.296
22;2.89054084566157;3.12987406556337;;1.0;0.75;0.75;Kuba;2.65120762575978;1.025;Blas Mossillian;HM;1.0;0;0.0;0.75;COB;COB1;Blas_Mossillian.png;1.09166666666667
23;1.37060474923357;1.29707234079929;;1.0;0.75;0.75;Sverige;1.44413715766786;1.425;Bob Johansson;HM;1.0;1;0.0119047619047619;0.75;MÖS;MÖS2;Bob_Johansson.png;1.3
24;4.42987217443538;4.43983456229963;19;1.0;0.75;0.75;USA;4.41990978657114;1.5;Bob Robert;HM;1.0;32;0.380952380952381;0.75;BK;BK1;Bob_Robert.png;1.092
25;2.33380402805448;2.29729419276342;;1.0;1.0;0.75;Turkiet;2.38856878099108;0.875;Bobbo Gandar;MV;0.75;4;0.0476190476190476;0.75;SFI;SFI1;Bobbo_Gandar.png;1.318
26;3.48125353344289;3.41978767525865;;1.0;1.0;0.75;Tjeckien;3.57345232071926;1.5;Bokach Ropat;MV;0.75;28;0.333333333333333;0.75;SSM;SSM1;Bokach_Ropat.png;1.024
27;2.36364410643079;2.2365079395923;;1.0;1.0;0.75;Kenya;2.55434835668852;1.22;Bonana Scheral;MV;0.75;1;0.0119047619047619;0.75;LION;LION1;Bonana_Scheral.png;0.97
28;3.26324683106121;2.14005096247619;;1.0;0.75;1.0;Slovakien;4.38644269964623;0.985;Bostjan Curic;VM;0.75;0;0.0;0.75;TD;TD1;Bostjan_Curic.png;0.958
29;3.70758839889572;5.4763803803382;17;1.0;1.0;0.75;Kroatien;1.05440042673199;1.5;Bozidar Kazon;MV;0.75;0;0.0;0.75;TL;TL1;Bozidar_Kazon.png;1.39166666666667
30;3.26551090330358;2.943105284953;;1.0;0.75;0.75;Tjeckien;3.58791652165417;0.868;Bruyn Volgov;HM;1.0;23;0.273809523809524;0.75;SFÅ;SFÅ1;Bruyn_Volgov.png;0.958
31;3.06823850690621;0.584928792714751;;1.0;0.75;0.75;Spanien;4.72377831636719;1.195;Calisto Roldán;F;0.75;13;0.154761904761905;1.0;COB;COB2;Calisto_Roldán.png;0.95
32;3.51101585606871;3.04378490958814;;1.0;0.75;0.75;Grekland;3.97824680254928;0.79;Camoucho Souza;HM;1.0;2;0.0238095238095238;0.75;S;S1;Camoucho_Souza.png;1.002
33;4.10903738091275;4.23591654667097;;1.0;0.75;1.0;Portugal;3.98215821515454;1.4745;Cano Balaquir;VM;0.75;4;0.0476190476190476;0.75;ÖD;ÖD1;Cano_Balaquir.png;1.092
34;4.96156695044528;4.76422942391305;14;1.0;0.75;0.75;Argentina;5.09312530146676;1.49;Canta Zeb;F;0.75;34;0.404761904761905;1.0;SSL;SSL2;Canta_Zeb.png;1.07
35;3.69614802157056;4.14040849887402;18;0.95;0.75;1.0;Mexiko;3.2518875442671;1.5;Cedro Caphino;VM;0.75;9;0.107142857142857;0.75;CJ;CJ3;Cedro_Caphino.png;1.08333333333333
36;3.26576006394235;3.75250860261493;;1.0;0.75;1.0;Nya Zeeland;2.77901152526978;1.5;Cembril Ravenhill;VM;0.75;0;0.0;0.75;FF;FF2;Cembril_Ravenhill.png;1.12142857142857
37;2.79668289044833;4.19566764784281;;1.0;0.75;0.75;Nya Zeeland;1.39769813305384;1.5;Charlster Hake;HM;1.0;0;0.0;0.75;HH;HH1;Charlster_Hake.png;1.18333333333333
38;3.02142685332617;4.14630390831928;;1.0;1.0;0.75;Kanada;1.3341112708365;0.905;Chendwill Parr;MV;0.75;9;0.107142857142857;0.75;ARK;ARK1;Chendwill_Parr.png;1.175
39;4.26488685825119;3.95628914202687;6;1.0;0.75;0.75;Somalia;4.47061866906741;1.485;Chicko Lorlas;F;0.75;0;0.0;1.0;VP;VP1;Chicko_Lorlas.png;1.016
40;5.51102363337134;5.09872377622206;2;1.0;0.75;0.75;Skottland;5.78589020480418;1.5;Christopher Bugg;F;0.75;19;0.226190476190476;1.0;TWL;TWL1;Christopher_Bugg.png;1.004
41;2.25651476666117;2.84480306602602;;1.0;0.75;1.0;Italien;1.66822646729632;1.275;Cito Gatorini;VM;0.75;0;0.0;0.75;SV;SV2;Cito_Gatorini.png;0.991666666666667
42;2.16476220062543;2.36949174762982;;1.0;0.75;1.0;Tjeckien;1.96003265362104;1.44;Cley Neboca;VM;0.75;2;0.0238095238095238;0.75;ÖR;ÖR1;Cley_Neboca.png;0.983333333333333
43;5.40813896207112;5.62737579967096;8;1.0;0.75;0.75;Brasilien;5.2619810703379;1.489;Colino Rex;F;0.75;46;0.547619047619048;1.0;DBL;DBL1;Colino_Rex.png;1.042
44;2.4314914856152;0.720436173582721;;1.0;0.75;0.75;Colombia;3.57219502697019;0.9925;Colsofax Lorte;F;0.75;0;0.0;1.0;SFA;SFA1;Colsofax_Lorte.png;1.15
45;3.74782627170167;5.23499624630356;;1.0;1.0;0.75;Paraguay;1.51707130979883;0.95;Culritz Caple;MV;0.75;0;0.0;0.75;HH;HH2;Culritz_Caple.png;1.05
46;2.03712244300588;2.7448041421107;;1.0;0.75;0.75;Papua nya guinea;1.32944074390105;0.745;Cupsy Sinamoi;HM;1.0;0;0.0;0.75;BM;BM2;Cupsy_Sinamoi.png;1.03333333333333
47;3.91398873320313;3.27508509905679;14;1.0;0.75;1.0;Schweiz;4.55289236734946;1.5;Daniel Ceccaroni;VM;0.75;0;0.0;0.75;SOL;SOL3;Daniel_Ceccaroni.png;1.02
48;1.94379601254041;1.60322445128896;;1.0;0.75;0.75;Ecuador;2.28436757379187;1.1065;Danilo Regeda;HM;1.0;0;0.0;0.75;TBT;TBT1;Danilo_Regeda.png;1.06
49;2.8180937114345;2.5354211319907;;1.0;0.75;1.0;Nya Zeeland;3.10076629087829;1.248;Dann Steev;VM;0.75;10;0.119047619047619;0.75;FF;FF3;Dann_Steev.png;1.19
50;4.40621751325948;3.96184179393514;;1.0;0.75;1.0;Sudan;4.85059323258383;0.5;Danshi G'dill;VM;0.75;0;0.0;0.75;TD;TD2;Danshi_G'dill.png;0.898
51;4.20509714620952;4.18010486946792;7;1.0;0.75;1.0;Iran;4.23008942295113;1.5;Dariyan Bakhtawar;VM;0.75;13;0.154761904761905;0.75;CHA;CHA2;Dariyan_Bakhtawar.png;1.19166666666667
52;3.22096802694199;2.6135965085347;;0.87;0.75;1.0;Singapore;3.82833954534928;1.5;Darryl Min;VM;0.75;0;0.0;0.75;HH;HH3;Darryl_Min.png;1.11
53;3.75222377768097;2.56925782401071;;1.0;0.75;1.0;Slovenien;4.93518973135124;1.485;Datan Dajetniko;VM;0.75;0;0.0;0.75;BI;BI2;Datan_Dajetniko.png;1.07
54;4.68915464524607;4.29212825318819;10;1.0;0.75;1.0;Sverige;5.08618103730395;1.5;David Christiansson;VM;0.75;4;0.0476190476190476;0.75;SST;SST1;David_Christiansson.png;0.972
55;5.15629797578122;5.13925907796398;9;1.0;0.75;0.75;USA;5.16765724099272;1.5;David White;F;0.75;20;0.238095238095238;1.0;TG;TG2;David_White.png;0.912
56;4.41163172978285;4.80680243581547;4;1.0;0.75;0.75;Kanada;4.14818459242777;1.32;Dean Caman;F;0.75;12;0.142857142857143;1.0;S;S2;Dean_Caman.png;1.036
57;5.05410297787015;4.99716981475391;4;1.0;1.0;0.75;USA;5.1395027225445;1.5;Dean Funt;MV;0.75;31;0.369047619047619;0.75;ISF;ISF1;Dean_Funt.png;1.16
58;5.54512858869179;5.64514788952228;3;1.0;0.75;0.75;Kazakstan;5.4451092878613;1.5;Der Skovskil;HM;1.0;25;0.297619047619048;0.75;ZB;ZB1;Der_Skovskil.png;1.072
59;5.33994193238743;5.15896832850003;11;0.87;0.75;0.75;USA;5.52091553627484;0.982000000000001;Derek Green;HM;1.0;38;0.452380952380952;0.75;SSM;SSM2;Derek_Green.png;0.89
60;3.02984606953813;4.40837625481827;;0.65;1.0;0.75;Peru;0.962050791617938;1.5;Desierto Adamento;MV;0.75;0;0.0;0.75;NS;NS1;Desierto_Adamento.png;1.00833333333333
61;2.76307971265623;2.66565283814892;;1.0;0.75;0.75;Somalia;2.82803096232777;1.235;Dick Dang;F;0.75;1;0.0119047619047619;1.0;HS;HS2;Dick_Dang.png;1.182
62;4.28557973218117;4.11846687736618;;1.0;0.75;1.0;Ukraina;4.45269258699616;1.485;Djivnek Kansek;VM;0.75;6;0.0714285714285714;0.75;LEO;LEO1;Djivnek_Kansek.png;1.08
63;3.68740227474484;3.46485125893486;;0.87;0.75;0.75;Slovakien;3.90995329055482;1.193;Dobsky Radovan;HM;1.0;3;0.0357142857142857;0.75;DO;DO1;Dobsky_Radovan.png;0.91
64;4.09110272213068;4.16532360158613;11;1.0;1.0;0.75;Tyskland;3.9797714029475;0.5905;Doff Esta;MV;0.75;1;0.0119047619047619;0.75;VP;VP2;Doff_Esta.png;0.96
65;4.27852243878138;4.25355009731217;;1.0;1.0;0.75;Kazakstan;4.3159809509852;1.5;Dosk Porov;MV;0.75;19;0.226190476190476;0.75;LEO;LEO2;Dosk_Porov.png;1.054
66;4.31473734760865;3.89963366611293;;1.0;0.75;0.75;Australien;4.72984102910437;1.5;Drian Cleo;HM;1.0;4;0.0476190476190476;0.75;TA;TA1;Drian_Cleo.png;0.998
67;4.96682733841478;4.81668545478709;;1.0;1.0;0.75;Argentina;5.19204016385631;1.189;Drin Rista;MV;0.75;75;0.892857142857143;0.75;KÄ;KÄ2;Drin_Rista.png;0.944
68;2.13435445422329;2.86838798728706;;1.0;1.0;0.75;Tanzania;1.03330415462765;1.135;Efe Kasozi;MV;0.75;0;0.0;0.75;SFI;SFI2;Efe_Kasozi.png;1.075
69;1.46820862868434;1.28237066333863;;1.0;0.75;0.75;Brasilien;1.65404659403004;0.954;Elon Hilario;HM;1.0;0;0.0;0.75;SS;SS1;Elon_Hilario.png;1.05
70;4.37760414063269;3.56105603210888;;1.0;0.75;0.75;England;5.1941522491565;1.5;Enham Lockamy;HM;1.0;16;0.19047619047619;0.75;TG;TG3;Enham_Lockamy.png;1.175
71;4.16800144541036;3.92844789118545;;1.0;0.75;1.0;Irland;4.40755499963527;1.24;Erik Kreek;VM;0.75;27;0.321428571428571;0.75;TG;TG4;Erik_Kreek.png;0.96
72;4.99293106241301;4.82223205799642;;1.0;0.75;0.75;Danmark;5.1636300668296;0.5;Erik Summ;HM;1.0;36;0.428571428571429;0.75;PF;PF1;Erik_Summ.png;0.994
73;3.89728135169801;3.94883005806562;;1.0;0.75;0.75;Slovenien;3.84573264533039;1.39;Erklin Pashtark;HM;1.0;0;0.0;0.75;TD;TD3;Erklin_Pashtark.png;1.1
74;3.34663137919512;1.54538922191483;;1.0;0.75;0.75;Iran;4.54745948404865;1.5;Esfandyar Aydin;F;0.75;13;0.154761904761905;1.0;BI;BI3;Esfandyar_Aydin.png;1.23333333333333
75;2.74828397267576;3.23214501391032;;1.0;1.0;0.75;Brasilien;2.02249241082392;1.5;Esteban Melko;MV;0.75;0;0.0;0.75;BI;BI4;Esteban_Melko.png;0.86
76;1.54042901107249;2.22930869124084;;1.0;1.0;0.75;Peru;0.507109490819966;1.0;Eustian Neto;MV;0.75;0;0.0;0.75;AF;AF2;Eustian_Neto.png;0.85
77;1.41025033183482;1.6408136705449;;1.0;0.75;0.75;Sydkorea;1.17968699312473;1.0;Faewoo Kim;HM;1.0;0;0.0;0.75;CJ;CJ4;Faewoo_Kim.png;0.975
78;3.26111936465312;1.11602966991025;;0.85;0.75;0.75;Kirgizistan;4.69117916114837;1.5;Fanraz Qurban;F;0.75;0;0.0;1.0;KU;KU2;Fanraz_Qurban.png;1.05
79;1.27875530393894;1.06336102218797;;1.0;0.75;0.75;Tyskland;1.49414958568991;0.885;Fenan Lasas;HM;1.0;12;0.142857142857143;0.75;ÖR;ÖR2;Fenan_Lasas.png;1.192
80;3.35956696578064;1.55642346962608;;1.0;0.75;1.0;Schweiz;5.1627104619352;0.925;Feo Dargau;VM;0.75;0;0.0;0.75;SOS;SOS1;Feo_Dargau.png;1.18333333333333
81;3.3763564287883;3.355860105486;;1.0;0.75;0.75;Island;3.3968527520906;1.033;Flen Reyn;HM;1.0;14;0.166666666666667;0.75;SST;SST2;Flen_Reyn.png;0.978
82;2.94611759828464;3.02089762998321;;1.0;0.75;0.75;Afghanistan;2.87133756658607;1.0015;Fonar Salkes;HM;1.0;16;0.19047619047619;0.75;SF;SF1;Fonar_Salkes.png;1.012
83;3.65706293843585;2.97582430321417;20;0.98;0.75;0.75;Frankrike;4.33830157365753;1.5;Fran Monea;HM;1.0;4;0.0476190476190476;0.75;LOD;LOD1;Fran_Monea.png;1.188
84;3.30198728246648;3.42516865376203;;1.0;0.75;0.75;Kanada;3.21986636826945;1.43;Francis Loow;F;0.75;4;0.0476190476190476;1.0;ARK;ARK2;Francis_Loow.png;1.17
85;2.64149303940635;2.88523881502674;;1.0;1.0;0.75;Norge;2.27587437597577;1.5;Fredrik Börjesson;MV;0.75;6;0.0714285714285714;0.75;HH;HH4;Fredrik_Börjesson.png;1.39
86;3.47489903902727;3.34034768402512;;1.0;0.75;0.75;Skottland;3.60945039402942;0.9835;Fredrik Freeson;HM;1.0;12;0.142857142857143;0.75;SL;SL1;Fredrik_Freeson.png;1.126
87;4.68716254000639;4.93699903585444;;1.0;0.75;0.75;Finland;4.52060487610769;1.495;Fredrik Kääkä;F;0.75;37;0.44047619047619;1.0;SSM;SSM3;Fredrik_Kääkä.png;0.834
88;2.79020248538037;2.46647670606618;;1.0;0.75;0.75;Frankrike;3.00601967158982;0.97;Fro Gasian;F;0.75;9;0.107142857142857;1.0;GC;GC2;Fro_Gasian.png;1.174
89;3.82585934097434;3.6180652719645;;1.0;1.0;0.75;Singapore;4.1375504444891;0.9945;Fu Xian;MV;0.75;9;0.107142857142857;0.75;SSL;SSL3;Fu_Xian.png;1.08833333333333
90;3.19911937722535;4.24451475650048;;1.0;0.75;1.0;Kuba;2.15372399795021;1.0;Gadgo Oleastro;VM;0.75;3;0.0357142857142857;0.75;TH;TH1;Gadgo_Oleastro.png;1.018
91;4.2771051082797;4.08947575388251;;0.99;0.75;0.75;Danmark;4.46473446267688;1.5;Gaess Skili;HM;1.0;40;0.476190476190476;0.75;LION;LION2;Gaess_Skili.png;0.89
92;1.78437841423013;1.36145390318553;;1.0;0.75;0.75;Österrike;2.20730292527474;1.48;Gainlauf Antlofven;HM;1.0;0;0.0;0.75;NS;NS2;Gainlauf_Antlofven.png;0.975
93;2.62139094497799;3.51917571809194;;1.0;1.0;0.75;Irland;1.27471378530708;1.5;Gastom Allmon;MV;0.75;1;0.0119047619047619;0.75;CJ;CJ5;Gastom_Allmon.png;1.08333333333333
94;3.68779890881315;3.28402642824908;;1.0;0.75;1.0;Bolivia;4.09157138937723;1.095;Gaulo Evardo;VM;0.75;0;0.0;0.75;ARK;ARK3;Gaulo_Evardo.png;0.991666666666667
95;5.09565346654481;5.09216148369722;10;0.93;0.75;0.75;Norge;5.09914544939239;0.64;Geier Moen;HM;1.0;26;0.30952380952381;0.75;LEO;LEO3;Geier_Moen.png;1.088
96;2.17835684102805;2.18701179092513;;0.89;1.0;0.75;Portugal;2.16537441618241;0.5;Georgi Plattas;MV;0.75;4;0.0476190476190476;0.75;KN;KN2;Georgi_Plattas.png;0.93
97;3.59841314502145;3.76389176037594;;1.0;0.75;0.75;Uganda;3.43293452966696;1.493;Georgi Zimbad;HM;1.0;3;0.0357142857142857;0.75;TH;TH2;Georgi_Zimbad.png;1.052
98;2.8677291036467;3.213034092906;;1.0;0.75;0.75;Schweiz;2.63752577747384;0.925;Gerad Chibam;F;0.75;12;0.142857142857143;1.0;ARK;ARK4;Gerad_Chibam.png;1.204
99;1.16142703471587;0.439740509864912;;1.0;0.75;0.75;Tyskland;1.64255138461651;1.0;Gerhart Eiderkar;F;0.75;0;0.0;1.0;NS;NS3;Gerhart_Eiderkar.png;1.03333333333333
100;1.80824362824002;1.31253982142824;;1.0;0.75;1.0;Paraguay;2.3039474350518;1.3165;Gimaldo Rhoran;VM;0.75;0;0.0;0.75;KU;KU3;Gimaldo_Rhoran.png;0.966666666666667
101;3.65841061224468;3.67693272055389;19;1.0;1.0;0.75;Laos;3.63062744978087;1.205;Gio Kongo;MV;0.75;9;0.107142857142857;0.75;SS;SS2;Gio_Kongo.png;0.914
102;3.35528646065681;3.29802236265414;;1.0;0.75;0.75;Ecuador;3.41255055865949;0.5;Gonclavo Zotico;HM;1.0;0;0.0;0.75;COB;COB3;Gonclavo_Zotico.png;1.16428571428571
103;5.31384826406566;5.29343528170554;4;0.97;0.75;0.75;Irland;5.33426124642578;1.228;Greg Hill;HM;1.0;49;0.583333333333333;0.75;ÖD;ÖD2;Greg_Hill.png;0.972
104;2.43431820641537;2.20772771632223;;0.98;0.75;1.0;Tanzania;2.6609086965085;0.9725;Grones Museburny;VM;0.75;0;0.0;0.75;SST;SST3;Grones_Museburny.png;1.06428571428571
105;1.98415136168257;2.43700192261455;;1.0;0.75;1.0;Somalia;1.5313008007506;1.0;Habib Salmes;VM;0.75;0;0.0;0.75;GC;GC3;Habib_Salmes.png;1.06666666666667
106;2.82414573906872;4.22784829628166;;1.0;1.0;0.75;Grekland;0.718591903249315;1.22;Haemon Archippos;MV;0.75;0;0.0;0.75;HS;HS3;Haemon_Archippos.png;0.958333333333333
107;1.09132101553746;1.17880831721994;;1.0;1.0;0.75;Schweiz;0.960090063013736;1.0;Hergang Molz;MV;0.75;0;0.0;0.75;ÖR;ÖR3;Hergang_Molz.png;1.125
108;2.64142664579715;3.30000446511565;;1.0;0.75;0.75;Vietnam;1.98284882647864;1.279;Hung Bahn;HM;1.0;0;0.0;0.75;TBT;TBT2;Hung_Bahn.png;1.12142857142857
109;3.29831850434993;3.24085421880337;;1.0;0.75;0.75;Uruguay;3.35578278989648;1.5;Hurak Liee;HM;1.0;29;0.345238095238095;0.75;PBV;PBV1;Hurak_Liee.png;0.98
110;2.14772272246149;2.1006279087643;;1.0;0.75;0.75;Ryssland;2.19481753615868;1.0;Ian Slovchi;HM;1.0;1;0.0119047619047619;0.75;SVF;SVF1;Ian_Slovchi.png;0.883333333333333
111;3.09585441168701;2.91795313221155;;1.0;1.0;0.75;Chile;3.36270633090021;1.0;Icha Chan;MV;0.75;23;0.273809523809524;0.75;ZB;ZB2;Icha_Chan.png;1.122
112;4.72368102300375;4.57516299075979;17;1.0;0.75;1.0;Turkiet;4.87219905524772;0.959;Igor Shlifi;VM;0.75;5;0.0595238095238095;0.75;VIK;VIK1;Igor_Shlifi.png;1.146
113;2.41086976291833;2.30830952344682;;1.0;0.75;1.0;Ryssland;2.51343000238984;1.2795;Igor Stovchki;VM;0.75;6;0.0714285714285714;0.75;CHA;CHA3;Igor_Stovchki.png;1.174
114;2.7143969176814;2.74982045815189;;1.0;0.75;0.75;Egypten;2.67897337721092;1.5;Ili Bani;HM;1.0;1;0.0119047619047619;0.75;ISF;ISF2;Ili_Bani.png;1.172
115;4.46765179210458;4.27464260277382;3;1.0;0.75;1.0;Afghanistan;4.66066098143534;1.454;Ill Sonta;VM;0.75;2;0.0238095238095238;0.75;SS;SS3;Ill_Sonta.png;1.068
116;2.91313374400322;3.52465611774961;;1.0;0.75;1.0;Finland;2.30161137025682;1.5;Illki Suvaantara;VM;0.75;0;0.0;0.75;LION;LION3;Illki_Suvaantara.png;1.05
117;2.74249187047931;4.22138585943264;;1.0;0.75;0.75;Turkiet;1.26359788152598;1.5;Illmarum Zuhal;HM;1.0;0;0.0;0.75;ELD;ELD1;Illmarum_Zuhal.png;0.916666666666667
118;4.51222477553025;4.46150689296628;;1.0;0.75;0.75;Iran;4.56294265809421;1.5;Ismed Shamed;HM;1.0;18;0.214285714285714;0.75;SF;SF2;Ismed_Shamed.png;1.248
119;4.22366462965422;3.86477899401318;;1.0;0.75;1.0;Kazakstan;4.58255026529527;1.159;Ista Skovskil;VM;0.75;35;0.416666666666667;0.75;KÄ;KÄ3;Ista_Skovskil.png;1.09
120;3.14779705548454;3.04164994367857;;1.0;0.75;0.75;Kina;3.2539441672905;1.0;Istam Poto;HM;1.0;28;0.333333333333333;0.75;PA;PA2;Istam_Poto.png;0.976
121;3.57753547571745;3.65702428935573;;1.0;0.75;1.0;Japan;3.49804666207916;1.42;Istito Gergima;VM;0.75;28;0.333333333333333;0.75;SL;SL2;Istito_Gergima.png;1.072
122;1.57365430486868;1.42168516978103;;1.0;1.0;0.75;Ukraina;1.80160800750016;1.0;Ivan Orvy;MV;0.75;7;0.0833333333333333;0.75;COB;COB4;Ivan_Orvy.png;1.09166666666667
123;4.00061651594794;3.21152215564985;12;0.91;0.75;1.0;Irland;4.78971087624603;0.889;Jack Vilson;VM;0.75;32;0.380952380952381;0.75;LOD;LOD2;Jack_Vilson.png;1.094
124;5.27627058413648;5.21330859905171;15;1.0;0.75;0.75;Finland;5.31824524085966;1.475;Jan Läke;F;0.75;65;0.773809523809524;1.0;SL;SL3;Jan_Läke.png;1.148
125;2.06779626954406;2.61607684110617;;1.0;1.0;0.75;Ecuador;1.24537541220091;1.0;Jayme Arlo;MV;0.75;0;0.0;0.75;HH;HH5;Jayme_Arlo.png;0.88
126;2.99112543567592;1.02686532061191;;1.0;0.75;0.75;Paraguay;4.30063217905193;1.5;Jelix Ofo;F;0.75;0;0.0;1.0;CJ;CJ6;Jelix_Ofo.png;1.18333333333333
127;2.98978604451252;3.51739670953957;;1.0;1.0;0.75;Sudan;2.19837004697195;1.5;Jeroen Koing;MV;0.75;0;0.0;0.75;HS;HS4;Jeroen_Koing.png;1.186
128;2.41336784254632;2.82905050519205;;1.0;1.0;0.75;Kina;1.78984384857773;1.005;Jianju Kun;MV;0.75;4;0.0476190476190476;0.75;SOS;SOS2;Jianju_Kun.png;1.15833333333333
129;3.28107810837755;3.34047513857116;;0.85;1.0;0.75;Saudiarabien;3.19198256308715;1.5;Jidda Surat;MV;0.75;5;0.0595238095238095;0.75;CHA;CHA4;Jidda_Surat.png;1.082
130;2.93409350309034;3.02200378564427;;1.0;1.0;0.75;Kirgizistan;2.80222807925944;1.213;Jim Gerow;MV;0.75;10;0.119047619047619;0.75;MS;MS1;Jim_Gerow.png;1.026
131;2.90559790452511;2.99111498719977;;1.0;1.0;0.75;Bolivia;2.77732228051311;0.904;Jim Spicer;MV;0.75;4;0.0476190476190476;0.75;SS;SS4;Jim_Spicer.png;1.066
132;2.95014374999787;1.43471469799519;;1.0;0.75;0.75;Kirgizistan;4.46557280200055;1.0;Jinzo Wee;HM;1.0;0;0.0;0.75;TD;TD4;Jinzo_Wee.png;0.906
133;4.85866947458915;5.11693952486513;15;1.0;0.75;1.0;Uzbekistan;4.60039942431318;1.058;Joe Kovi;VM;0.75;21;0.25;0.75;TWL;TWL2;Joe_Kovi.png;0.994
134;3.6951863683784;5.2313777396853;;0.87;1.0;0.75;Sverige;1.39089931141805;1.18;John Erkling;MV;0.75;0;0.0;0.75;ELD;ELD2;John_Erkling.png;1.23333333333333
135;5.44723694075727;5.34810124182157;6;1.0;0.75;1.0;England;5.54637263969298;0.566;John Pep;VM;0.75;72;0.857142857142857;0.75;SL;SL4;John_Pep.png;0.948
136;2.43226906354288;2.05717400256348;;1.0;0.75;0.75;Slovakien;2.68233243752915;1.1345;Jorgen Slenisch;F;0.75;9;0.107142857142857;1.0;PBV;PBV2;Jorgen_Slenisch.png;0.978
137;3.78126858685792;3.32510981205862;;1.0;0.75;0.75;Laos;4.08537443672412;1.3845;Jose Ewúo;F;0.75;22;0.261904761904762;1.0;ZB;ZB3;Jose_Ewúo.png;1.028
138;4.84210748046683;5.06398767825404;16;1.0;1.0;0.75;USA;4.50928718378601;1.5;Josef Black;MV;0.75;23;0.273809523809524;0.75;SSL;SSL4;Josef_Black.png;1.10666666666667
139;2.3459508719715;2.53593940660289;;1.0;0.75;0.75;Israel;2.15596233734012;1.0145;Josef Zakarias;HM;1.0;3;0.0357142857142857;0.75;TW;TW2;Josef_Zakarias.png;0.896
140;1.28759230793588;0.972317390138586;;1.0;0.75;0.75;Singapore;1.60286722573318;1.0;Joseph Xelor;HM;1.0;0;0.0;0.75;SV;SV3;Joseph_Xelor.png;0.95
141;3.5341437159091;4.10235922105946;;1.0;0.75;1.0;Kroatien;2.96592821075873;1.5;Josip Gragig;VM;0.75;0;0.0;0.75;SOL;SOL4;Josip_Gragig.png;0.921666666666667
142;4.52750453757401;1.91745670485481;;1.0;0.75;0.75;Kirgizistan;6.26753642605348;1.465;Jozo Utidkan;F;0.75;0;0.0;1.0;TD;TD5;Jozo_Utidkan.png;1.028
143;1.90318075483905;1.84336924803501;;1.0;0.75;1.0;Slovakien;1.9629922616431;1.22;Július Kopecky;VM;0.75;0;0.0;0.75;CN;CN1;Július_Kopecky.png;0.96
144;2.92743850412465;3.02538164325887;;1.0;0.75;0.75;Schweiz;2.82949536499043;0.6625;Jürgen Zütt;HM;1.0;8;0.0952380952380952;0.75;KS;KS2;Jürgen_Zütt.png;1.048
145;3.84577368585723;3.96094179094;;0.75;0.75;1.0;Kanada;3.73060558077445;1.5;Kaden Bayville;VM;0.75;9;0.107142857142857;0.75;HS;HS5;Kaden_Bayville.png;1.11666666666667
146;3.09926340646416;3.08402329401723;;1.0;1.0;0.75;Israel;3.12212357513455;1.475;Kambri Nazario;MV;0.75;4;0.0476190476190476;0.75;TA;TA2;Kambri_Nazario.png;1.156
147;3.563591269351;4.32792357465581;;1.0;0.75;1.0;Sudan;2.7992589640462;1.5;Kamya Amer;VM;0.75;0;0.0;0.75;NS;NS4;Kamya_Amer.png;1.09166666666667
148;4.10788511434109;4.40209494459888;;1.0;1.0;0.75;Portugal;3.6665703689544;1.46;Kann Chosa;MV;0.75;1;0.0119047619047619;0.75;TBT;TBT3;Kann_Chosa.png;1.086
149;3.51171108697625;5.09557405116838;;1.0;1.0;0.75;Tjeckien;1.13591664068804;1.5;Karel Koshka;MV;0.75;1;0.0119047619047619;0.75;KU;KU4;Karel_Koshka.png;0.958333333333333
150;3.95153135822438;0.844994941895963;;1.0;0.75;0.75;Ryssland;6.02255563577666;1.375;Kaschalkov Vovolski;F;0.75;2;0.0238095238095238;1.0;SFI;SFI3;Kaschalkov_Vovolski.png;1.16428571428571
151;4.51046376225442;4.220253957442;17;1.0;0.75;0.75;Mexiko;4.7039369654627;1.151;Kastan Georst;F;0.75;75;0.892857142857143;1.0;DO;DO2;Kastan_Georst.png;0.966
152;3.56271087778602;4.74143052303112;;1.0;1.0;0.75;Laos;1.79463140991837;1.305;Keo Niemin;MV;0.75;7;0.0833333333333333;0.75;GE;GE1;Keo_Niemin.png;1.05
153;2.15895332107369;1.0084505718276;;1.0;0.75;1.0;Tanzania;3.30945607031978;1.2555;Kibuuka Jumaane;VM;0.75;0;0.0;0.75;VP;VP3;Kibuuka_Jumaane.png;1.17857142857143
154;2.44004159560541;2.34345691494407;;1.0;0.75;1.0;Bolivia;2.53662627626674;1.5;Kiko Labos;VM;0.75;4;0.0476190476190476;0.75;CN;CN2;Kiko_Labos.png;1.216
155;3.23982521645302;3.25595659596651;;1.0;0.75;0.75;Sydkorea;3.22907096344403;1.335;Kim You Sung;F;0.75;3;0.0357142857142857;1.0;TL;TL2;Kim_You_Sung.png;0.96
156;2.66775559013375;1.90730899417414;;1.0;0.75;0.75;Tanzania;3.17471998744017;1.495;Kindo Popo;F;0.75;0;0.0;1.0;SVF;SVF2;Kindo_Popo.png;1.094
157;2.0174588821106;2.47990378770457;;1.0;0.75;0.75;Kenya;1.55501397651664;1.07;Kito Emwandah;HM;1.0;0;0.0;0.75;SOS;SOS3;Kito_Emwandah.png;1.15833333333333
158;4.68612138257479;4.23458649323576;11;1.0;0.75;1.0;Tonga;5.13765627191383;1.5;Klar Parts;VM;0.75;12;0.142857142857143;0.75;TH;TH3;Klar_Parts.png;1.086
159;5.02484225073982;4.8739097005844;5;1.0;0.75;0.75;Ukraina;5.12546395084344;1.388;Klivi Hetchkov;F;0.75;9;0.107142857142857;1.0;TA;TA3;Klivi_Hetchkov.png;1.1
160;3.24673794012727;2.98276675487896;;1.0;0.75;1.0;Tyskland;3.51070912537558;1.5;Klychan Ferman;VM;0.75;1;0.0119047619047619;0.75;ISF;ISF3;Klychan_Ferman.png;0.85
161;5.36673916489706;5.320729924593;9;1.0;0.75;1.0;Afghanistan;5.41274840520111;1.5;Koch Jagazi;VM;0.75;32;0.380952380952381;0.75;SF;SF3;Koch_Jagazi.png;1.04
162;3.32764332689301;4.61831281331129;;1.0;1.0;0.75;Slovenien;1.39163909726559;1.5;Kolvar Voltavan;MV;0.75;0;0.0;0.75;COB;COB5;Kolvar_Voltavan.png;1.41666666666667
163;3.37993105596702;3.35980961582109;;1.0;0.75;1.0;Turkiet;3.40005249611297;1.49;Koran Mora;VM;0.75;1;0.0119047619047619;0.75;GE;GE2;Koran_Mora.png;0.984
164;3.67342337130827;4.04639387739793;;1.0;0.75;1.0;Papua nya guinea;3.3004528652186;1.5;Korpore Sole-Sole;VM;0.75;0;0.0;0.75;MÖS;MÖS3;Korpore_Sole-Sole.png;1.10833333333333
165;4.12668077649452;3.57117799693636;;1.0;0.75;1.0;Kirgizistan;4.68218355605269;1.225;Koushan Taalay;VM;0.75;1;0.0119047619047619;0.75;COB;COB6;Koushan_Taalay.png;0.933333333333333
166;4.97211108323096;4.90045222068103;7;1.0;0.75;0.75;Finland;5.01988365826426;1.5;Kovi Rotoresko;F;0.75;23;0.273809523809524;1.0;ISF;ISF4;Kovi_Rotoresko.png;1.184
167;1.5659974146554;1.99456707431208;;1.0;1.0;0.75;Kroatien;0.923142925170374;1.0;Krunoslav Delic;MV;0.75;5;0.0595238095238095;0.75;TW;TW3;Krunoslav_Delic.png;0.986
168;2.74613564550634;3.43837161133356;;1.0;1.0;0.75;Papua nya guinea;1.70778169676551;0.825000000000001;Kuan Lowai;MV;0.75;0;0.0;0.75;SOS;SOS4;Kuan_Lowai.png;1.43
169;5.18600965910002;5.16724644284585;18;1.0;0.75;1.0;Kina;5.20477287535418;1.5;La Mo Ching;VM;0.75;23;0.273809523809524;0.75;PF;PF2;La_Mo_Ching.png;0.964
170;3.49276248562491;3.50118793732099;;0.99;0.75;1.0;Iran;3.48433703392882;1.5;Laget Nemir;VM;0.75;28;0.333333333333333;0.75;SV;SV4;Laget_Nemir.png;1.348
171;4.14732337578173;4.15152886998793;9;1.0;1.0;0.75;Iran;4.14101513447242;0.584500000000001;Lambolino Jack;MV;0.75;16;0.19047619047619;0.75;VP;VP4;Lambolino_Jack.png;0.948
172;4.49254603070161;4.16304205600927;;1.0;0.75;0.75;Australien;4.82205000539395;1.3795;Lander Sawi;HM;1.0;11;0.130952380952381;0.75;SSL;SSL5;Lander_Sawi.png;1.08166666666667
173;2.55929829816905;3.70421595750228;;1.0;0.75;0.75;Kanada;1.41438063883581;1.5;Lankus Gullier;HM;1.0;9;0.107142857142857;0.75;SV;SV5;Lankus_Gullier.png;0.941666666666667
174;3.66591951182799;0.569425454129117;;1.0;0.75;0.75;Österrike;5.73024888362725;1.48;Lanzler Kaiterschmen;F;0.75;0;0.0;1.0;CN;CN3;Lanzler_Kaiterschmen.png;1.0
175;5.35484702687256;5.05930406917603;3;1.0;0.75;0.75;Spanien;5.55187566533691;1.5;Las Tortina;F;0.75;32;0.380952380952381;1.0;VIK;VIK2;Las_Tortina.png;1.074
176;3.49921418837809;3.60353049504761;;1.0;1.0;0.75;Spanien;3.34273972837381;1.163;Lata Sino;MV;0.75;64;0.761904761904762;0.75;S;S3;Lata_Sino.png;1.042
177;4.35851601668623;4.14509730946279;;1.0;0.75;0.75;Japan;4.5007951548352;1.5;Lavo Chang;F;0.75;26;0.30952380952381;1.0;MS;MS2;Lavo_Chang.png;1.172
178;2.00807383711587;2.40457979197295;;0.98;0.75;1.0;Österrike;1.61156788225879;0.5;Lavo Greskiev;VM;0.75;19;0.226190476190476;0.75;BM;BM3;Lavo_Greskiev.png;1.358
179;3.97878963167745;3.77146510542943;;1.0;0.75;1.0;USA;4.18611415792546;1.132;Le Robert;VM;0.75;63;0.75;0.75;DBL;DBL2;Le_Robert.png;1.04
180;3.64488382816931;3.23551193311788;;1.0;0.75;0.75;Bolivia;3.91779842487027;1.0545;Le Tomas;F;0.75;23;0.273809523809524;1.0;DBL;DBL3;Le_Tomas.png;1.036
181;5.54979535522647;5.53347518475589;2;1.0;0.75;1.0;England;5.56611552569705;1.5;Lee King;VM;0.75;53;0.630952380952381;0.75;ZB;ZB4;Lee_King.png;0.882
182;3.59783623077966;3.23739781415545;;1.0;0.75;0.75;Grekland;3.83812850852913;1.5;Legi Lesch;F;0.75;3;0.0357142857142857;1.0;TL;TL3;Legi_Lesch.png;1.09
183;5.21672413433903;5.07504226710793;6;1.0;0.75;0.75;Taiwan;5.31117871249309;1.5;Leke Kaahn;F;0.75;3;0.0357142857142857;1.0;ÖD;ÖD3;Leke_Kaahn.png;1.18
184;3.73163419553973;5.38127921802473;;1.0;1.0;0.75;Uruguay;1.25716666181224;1.5;Lemus Mallon;MV;0.75;0;0.0;0.75;AF;AF3;Lemus_Mallon.png;1.20714285714286
185;2.47832369654518;3.5420576410966;;1.0;0.75;1.0;Holland;1.41458975199376;1.5;Leopold De Snau;VM;0.75;4;0.0476190476190476;0.75;CN;CN4;Leopold_De_Snau.png;1.0
186;3.36831970889719;3.2614764761166;;1.0;0.75;0.75;Frankrike;3.43954853075092;1.5;Lete Diagana;F;0.75;23;0.273809523809524;1.0;LOD;LOD3;Lete_Diagana.png;1.12
187;2.77571430249363;2.98796351879307;;1.0;0.75;0.75;Laos;2.56346508619419;1.5;Liee Cont;HM;1.0;7;0.0833333333333333;0.75;BM;BM4;Liee_Cont.png;1.22
188;2.36568751533359;2.0735009928435;;1.0;1.0;0.75;Österrike;2.80396729906871;1.01;Lier Strewnach;MV;0.75;28;0.333333333333333;0.75;FF;FF4;Lier_Strewnach.png;1.01
189;4.41929236286587;4.23268920321727;20;1.0;0.75;0.75;Saudiarabien;4.54369446929827;1.111;Limis Rhaman;F;0.75;4;0.0476190476190476;1.0;BK;BK2;Limis_Rhaman.png;1.05
190;1.65534193353378;1.80879841168278;;1.0;1.0;0.75;Uganda;1.42515721631028;1.0;Linga Go;MV;0.75;1;0.0119047619047619;0.75;HÖ;HÖ1;Linga_Go.png;0.91
191;4.56656992875699;4.0268370041596;15;0.8;0.75;1.0;Chile;5.10630285335438;1.5;Livor Vandr;VM;0.75;6;0.0714285714285714;0.75;DO;DO3;Livor_Vandr.png;1.072
192;5.03102813237627;4.82861649949671;11;1.0;0.75;0.75;Singapore;5.16596922096264;1.5;Lobito Whu;F;0.75;13;0.154761904761905;1.0;LION;LION4;Lobito_Whu.png;0.998
193;1.08282139376695;1.1585359040826;;1.0;0.75;0.75;Sverige;1.0071068834513;0.84;Lollo Nilsson;HM;1.0;9;0.107142857142857;0.75;S;S4;Lollo_Nilsson.png;1.218
194;3.39695918647305;3.92944401296428;;1.0;0.75;1.0;Sydafrika;2.86447435998183;1.475;Loor Sina;VM;0.75;5;0.0595238095238095;0.75;TA;TA4;Loor_Sina.png;1.048
195;2.92849557995257;4.51587747129808;;0.96;0.75;1.0;Chile;1.34111368860705;1.15;Lourenco Fausto;VM;0.75;0;0.0;0.75;AF;AF4;Lourenco_Fausto.png;1.00833333333333
196;3.90100920451773;3.85796621899881;15;1.0;0.75;0.75;Skottland;3.94405219003666;1.5;Lu Boston;HM;1.0;1;0.0119047619047619;0.75;TL;TL4;Lu_Boston.png;1.11
197;2.88996349314323;0.542711573639521;;1.0;0.75;0.75;Papua nya guinea;4.4547981061457;1.5;Lucas Fauk;F;0.75;0;0.0;1.0;GC;GC4;Lucas_Fauk.png;1.15833333333333
198;4.57597662597367;4.71263487847047;;1.0;1.0;0.75;Uzbekistan;4.37098924722847;1.5;Luiz Devone;MV;0.75;27;0.321428571428571;0.75;FF;FF5;Luiz_Devone.png;0.998
199;3.16565004360242;0.324769846017067;;1.0;0.75;0.75;Uzbekistan;5.05957017532599;1.0895;Luthor Leximir;F;0.75;1;0.0119047619047619;1.0;SOL;SOL5;Luthor_Leximir.png;0.956666666666667
200;3.45896445960188;4.33272499598436;;1.0;0.75;0.75;Tonga;2.58520392321939;1.5;Maaron Ambo;HM;1.0;0;0.0;0.75;GE;GE3;Maaron_Ambo.png;0.99
201;3.55905468519716;3.36832786598712;;1.0;1.0;0.75;Uganda;3.84514491401223;0.761;Mabey Mange;MV;0.75;43;0.511904761904762;0.75;DO;DO4;Mabey_Mange.png;0.944
202;1.23237882586902;1.54548131852836;;1.0;1.0;0.75;Norge;0.762725086880014;1.0;Magnar Trinmark;MV;0.75;0;0.0;0.75;ELD;ELD3;Magnar_Trinmark.png;1.09166666666667
203;3.14556546304208;1.66281058278205;;1.0;0.75;1.0;Argentina;4.62832034330212;1.485;Mal Travieso;VM;0.75;16;0.19047619047619;0.75;ELD;ELD4;Mal_Travieso.png;0.983333333333333
204;4.1063626332399;3.99633972854804;;1.0;1.0;0.75;Skottland;4.27139699027768;1.185;Marino Fox;MV;0.75;17;0.202380952380952;0.75;VIK;VIK3;Marino_Fox.png;0.958
205;2.01826588697479;2.14892382302167;;1.0;0.75;0.75;Vitryssland;1.88760795092791;1.5;Mark Minoran;HM;1.0;3;0.0357142857142857;0.75;EAG;EAG1;Mark_Minoran.png;1.108
206;4.40746174250894;4.10731903329898;;1.0;0.75;0.75;Chile;4.70760445171889;1.5;Mark Van Dean;HM;1.0;30;0.357142857142857;0.75;SF;SF4;Mark_Van_Dean.png;1.022
207;4.86032623147735;4.17072101356922;;0.96;0.75;0.75;Sverige;5.3200630434161;1.487;Markus Simson;F;0.75;84;1.0;1.0;SFA;SFA2;Markus_Simson.png;0.918
208;1.41963554273486;0.335366288327534;;1.0;0.75;0.75;Afghanistan;2.14248171233974;0.935;Masol Abdelrahman;F;0.75;0;0.0;1.0;AF;AF5;Masol_Abdelrahman.png;0.991666666666667
209;4.05012836157473;3.94068835268881;;1.0;1.0;0.75;Mexiko;4.21428837490362;1.5;Mi Mama;MV;0.75;33;0.392857142857143;0.75;TA;TA5;Mi_Mama.png;1.234
210;5.52072978043793;5.31618165811228;1;1.0;0.75;0.75;Nya Zeeland;5.65709519532169;0.778;Mike Douglas;F;0.75;51;0.607142857142857;1.0;SS;SS5;Mike_Douglas.png;1.038
211;3.41702532908842;3.19533039662006;;1.0;0.75;0.75;Singapore;3.564821950734;0.94;Mildura Ipoh;F;0.75;8;0.0952380952380952;1.0;AF;AF6;Mildura_Ipoh.png;1.104
212;1.41505706551477;1.40630235591789;;1.0;0.75;0.75;Slovenien;1.42381177511165;1.0;Mill Rech;HM;1.0;1;0.0119047619047619;0.75;ÖR;ÖR4;Mill_Rech.png;0.883333333333333
213;3.63670712136702;3.52779938373572;;1.0;0.75;0.75;Japan;3.74561485899832;1.48;Mina Tirtina;HM;1.0;18;0.214285714285714;0.75;CHA;CHA5;Mina_Tirtina.png;0.864
214;4.99176558402898;4.91920618639217;;1.0;1.0;0.75;Österrike;5.10060468048421;0.5;Mins Pravo;MV;0.75;19;0.226190476190476;0.75;SL;SL5;Mins_Pravo.png;1.002
215;5.17143445745789;4.86188138207352;7;0.85;0.75;1.0;Ryssland;5.48098753284226;0.7205;Minto Kobistal;VM;0.75;9;0.107142857142857;0.75;SFÅ;SFÅ2;Minto_Kobistal.png;1.048
216;4.00227806182247;4.48474081138521;;1.0;0.75;0.75;Peru;3.51981531225974;1.48;Mirque Horacio;HM;1.0;0;0.0;0.75;SST;SST4;Mirque_Horacio.png;1.22
217;3.12005375139963;4.63917294779818;;1.0;1.0;0.75;Slovakien;0.841374956801793;1.0;Mitja Klarica;MV;0.75;15;0.178571428571429;0.75;ZB;ZB5;Mitja_Klarica.png;0.976
218;4.68774092349052;4.50461454460832;2;1.0;0.75;0.75;Uganda;4.80982517607865;1.5;Moses Ecoco;F;0.75;6;0.0714285714285714;1.0;TW;TW4;Moses_Ecoco.png;1.07
219;3.79995311329834;0.821817626412188;;0.97;0.75;0.75;Kenya;5.78537677122245;1.5;Mosi Kacancu;F;0.75;0;0.0;1.0;HS;HS6;Mosi_Kacancu.png;1.10714285714286
220;5.09180184220298;4.8093645409196;;1.0;0.75;0.75;Kongo-Kinshasa;5.28009337639191;1.5;Mosmos Evoga;F;0.75;33;0.392857142857143;1.0;PBV;PBV3;Mosmos_Evoga.png;0.976
221;2.39671459634925;1.74949042745564;;1.0;0.75;1.0;Afghanistan;3.04393876524286;1.49;Nadir Tabasum;VM;0.75;0;0.0;0.75;SVF;SVF3;Nadir_Tabasum.png;1.03333333333333
222;1.70921683731156;0.532019695605042;;1.0;0.75;0.75;Danmark;2.49401493178257;1.0;Naeser Kandsen;F;0.75;2;0.0238095238095238;1.0;SVF;SVF4;Naeser_Kandsen.png;1.1
223;2.61994718574209;0.424521832308311;;1.0;0.75;0.75;Saudiarabien;4.08356408803127;1.5;Najeeb Rahila;F;0.75;3;0.0357142857142857;1.0;MÖS;MÖS4;Najeeb_Rahila.png;1.19166666666667
224;3.48697627150018;3.01098231011208;;0.99;0.75;1.0;Kenya;3.96297023288828;1.4645;Nana Sami;VM;0.75;12;0.142857142857143;0.75;SSL;SSL6;Nana_Sami.png;1.254
225;4.23264514088727;4.16716942723184;;1.0;1.0;0.75;Vietnam;4.33085871137042;1.0;Nang Kupang;MV;0.75;9;0.107142857142857;0.75;ÖD;ÖD4;Nang_Kupang.png;0.94
226;1.59615538406272;1.63869646433222;;1.0;0.75;0.75;Portugal;1.56779466388306;1.0;Narciso Asycleon;F;0.75;1;0.0119047619047619;1.0;KU;KU5;Narciso_Asycleon.png;0.883333333333333
227;3.65831004655774;4.00549402879064;;1.0;1.0;0.75;Vitryssland;3.13753407320839;0.993;Nas Lemin;MV;0.75;19;0.226190476190476;0.75;TWL;TWL3;Nas_Lemin.png;0.958
228;4.42734906923681;4.46121642885475;;1.0;0.75;1.0;Saudiarabien;4.39348170961887;1.295;Negelli Buta;VM;0.75;31;0.369047619047619;0.75;SFA;SFA3;Negelli_Buta.png;0.956
229;1.81477769054311;1.26546623855544;;1.0;0.75;0.75;Kuba;2.18098532520156;1.34;Neron Gaul;F;0.75;0;0.0;1.0;GE;GE4;Neron_Gaul.png;1.05
230;2.13447155254382;1.4787625189865;;0.94;0.75;0.75;Kazakstan;2.57161090824871;1.0;Neyram Bekzat;F;0.75;7;0.0833333333333333;1.0;HS;HS7;Neyram_Bekzat.png;0.975
231;3.33478813170407;3.50403582501143;;1.0;0.75;0.75;Holland;3.16554043839672;0.97;Nick Dourman;HM;1.0;12;0.142857142857143;0.75;VIK;VIK4;Nick_Dourman.png;1.05
232;4.11624993597291;4.2135424430777;;1.0;1.0;0.75;Taiwan;3.97031117531571;1.49;Nigata Vang;MV;0.75;2;0.0238095238095238;0.75;ÖD;ÖD5;Nigata_Vang.png;1.162
233;4.89449910747072;5.01423956350767;;1.0;1.0;0.75;Singapore;4.7148884234153;1.5;Nimes Alvo;MV;0.75;27;0.321428571428571;0.75;PF;PF3;Nimes_Alvo.png;1.072
234;3.92089439003468;4.00354753653485;13;1.0;0.75;0.75;Laos;3.83824124353452;1.1105;Nito Sirana;HM;1.0;8;0.0952380952380952;0.75;VP;VP5;Nito_Sirana.png;1.076
235;2.99019260935988;3.21498038505323;;1.0;1.0;0.75;Iran;2.65301094581985;1.0;Nocha Marcek;MV;0.75;25;0.297619047619048;0.75;TL;TL5;Nocha_Marcek.png;0.974
236;1.68518893369594;1.17093083938435;;1.0;0.75;0.75;Papua nya guinea;2.19944702800753;1.08;Nongo Maroon;HM;1.0;0;0.0;0.75;SVF;SVF5;Nongo_Maroon.png;1.15
237;4.35761606161076;4.31394470144577;;0.89;1.0;0.75;Ryssland;4.42312310185825;0.983;Nota Pichta;MV;0.75;7;0.0833333333333333;0.75;TH;TH4;Nota_Pichta.png;1.058
238;3.43323670578425;3.161265898796;;1.0;0.75;1.0;Norge;3.7052075127725;1.5;Oddi Vermvej;VM;0.75;0;0.0;0.75;CJ;CJ7;Oddi_Vermvej.png;0.958333333333333
239;1.16268485636682;1.38028375125695;;1.0;0.75;0.75;Ukraina;0.945085961476681;1.0;Okbajev Lazar;HM;1.0;0;0.0;0.75;MÖS;MÖS5;Okbajev_Lazar.png;0.925
240;2.69034470836916;4.35117143983507;;1.0;0.75;0.75;Portugal;1.02951797690324;1.485;Olavo Hildogan;HM;1.0;1;0.0119047619047619;0.75;CN;CN5;Olavo_Hildogan.png;1.24
241;3.2113235671505;4.71690968423205;;0.93;1.0;0.75;Sudan;0.952944391528173;1.408;Oneida Sefu;MV;0.75;0;0.0;0.75;SSM;SSM4;Oneida_Sefu.png;1.20714285714286
242;1.07066728728617;1.19034248300399;;1.0;0.75;0.75;Uzbekistan;0.950992091568352;0.9915;Oras Jerjensky;HM;1.0;0;0.0;0.75;DO;DO5;Oras_Jerjensky.png;1.34285714285714
243;3.5234097016967;2.18318140704194;;1.0;0.75;1.0;Grekland;4.86363799635146;1.49;Orestes Ouranolos;VM;0.75;0;0.0;0.75;SVF;SVF6;Orestes_Ouranolos.png;1.34285714285714
244;5.47323030022879;5.45222205757752;4;1.0;1.0;0.75;Sydkorea;5.50474266420569;0.774500000000001;Osam Alam;MV;0.75;31;0.369047619047619;0.75;SFA;SFA4;Osam_Alam.png;0.922
245;4.2811483544535;4.16113333855777;;1.0;0.75;1.0;Kongo-Kinshasa;4.40116337034922;1.1545;Osli Tavari;VM;0.75;2;0.0238095238095238;0.75;LION;LION5;Osli_Tavari.png;0.934
246;2.83296316379904;3.41120713190489;;1.0;1.0;0.75;Uzbekistan;1.96559721164025;1.095;Osman Zhelatin;MV;0.75;0;0.0;0.75;TD;TD6;Osman_Zhelatin.png;0.914
247;5.42740842039901;5.50067379405587;7;1.0;0.75;0.75;Italien;5.35414304674216;1.5;Ostan Pidrav;HM;1.0;33;0.392857142857143;0.75;KÄ;KÄ4;Ostan_Pidrav.png;1.104
248;5.00936913935343;5.01868418254044;12;1.0;0.75;0.75;Italien;5.00005409616643;1.5;Pali Corta;HM;1.0;22;0.261904761904762;0.75;HÖ;HÖ2;Pali_Corta.png;0.926
249;4.88050923348378;4.51455690651891;;1.0;0.75;0.75;Mexiko;5.24646156044865;1.5;Palta Lasta;HM;1.0;64;0.761904761904762;0.75;FF;FF6;Palta_Lasta.png;0.894
250;2.82478538393425;2.84615114754646;;0.97;0.75;0.75;Spanien;2.80341962032204;1.255;Paulo Santillian;HM;1.0;13;0.154761904761905;0.75;SFI;SFI4;Paulo_Santillian.png;1.0
251;5.1691589556798;4.98945613956258;8;1.0;1.0;0.75;Spanien;5.43871317985564;1.5;Peder Espano;MV;0.75;47;0.55952380952381;0.75;PA;PA3;Peder_Espano.png;0.956
252;2.47834954664606;3.52604771608325;;1.0;1.0;0.75;Vitryssland;0.906802292490273;0.745;Pedimir Ranschenko;MV;0.75;1;0.0119047619047619;0.75;SFI;SFI5;Pedimir_Ranschenko.png;1.2
253;3.93021650669394;0.699652456434524;;1.0;0.75;0.75;Sydafrika;6.08392587353355;1.5;Pelcof Manokey;F;0.75;5;0.0595238095238095;1.0;PF;PF4;Pelcof_Manokey.png;1.19
254;3.05229463850436;3.25646978630562;;1.0;0.75;0.75;Italien;2.8481194907031;0.5;Per Petresko Ponni;HM;1.0;35;0.416666666666667;0.75;TW;TW5;Per_Petresko_Ponni.png;1.222
255;4.22558390712113;4.07922645574443;;1.0;0.75;1.0;Sverige;4.37194135849782;1.03;Peter Olsson;VM;0.75;44;0.523809523809524;0.75;HÖ;HÖ3;Peter_Olsson.png;0.904
256;4.06303294655231;3.78086629359937;;1.0;0.75;0.75;USA;4.34519959950526;1.5;Petr Black;HM;1.0;3;0.0357142857142857;0.75;TWL;TWL4;Petr_Black.png;0.99
257;5.33188815175178;4.99164723913641;12;1.0;0.75;1.0;Kazakstan;5.67212906436716;1.5;Pino Zagiz;VM;0.75;23;0.273809523809524;0.75;DBL;DBL4;Pino_Zagiz.png;1.084
258;2.85949928443835;1.93908537184186;;1.0;0.75;0.75;Vitryssland;3.47310855950267;1.48;Plavak Lumarek;F;0.75;1;0.0119047619047619;1.0;ELD;ELD5;Plavak_Lumarek.png;1.01666666666667
259;5.00824512028612;4.70575819471311;6;1.0;0.75;0.75;Tonga;5.20990307066812;1.49;Plir Momento;F;0.75;18;0.214285714285714;1.0;KS;KS3;Plir_Momento.png;1.002
260;5.36078464362186;5.20936306948225;1;0.97;0.75;1.0;Vitryssland;5.51220621776148;1.118;Polcer Asmin;VM;0.75;16;0.19047619047619;0.75;MS;MS3;Polcer_Asmin.png;1.04
261;5.35850166771139;5.21762574369629;10;1.0;1.0;0.75;Mexiko;5.56981555373404;1.5;Porti Bobsinen;MV;0.75;75;0.892857142857143;0.75;DBL;DBL5;Porti_Bobsinen.png;0.93
262;2.47474970586581;0.847310108024082;;1.0;0.75;0.75;Skottland;3.5597094377603;1.0;Portron Tulingham;F;0.75;1;0.0119047619047619;1.0;ARK;ARK5;Portron_Tulingham.png;1.01666666666667
263;2.66780313214515;3.96610801952372;;1.0;0.75;0.75;Frankrike;1.36949824476658;1.06;Quisitan Canyoté;HM;1.0;0;0.0;0.75;ÖR;ÖR5;Quisitan_Canyoté.png;1.14
264;3.23575305751874;4.51432634195526;;1.0;1.0;0.75;Danmark;1.31789313086397;1.5;Ragnus Auhlman;MV;0.75;2;0.0238095238095238;0.75;GC;GC5;Ragnus_Auhlman.png;1.06666666666667
265;4.53359084431258;4.321860384519;16;1.0;0.75;0.75;Irland;4.67474448417497;1.081;Ray McGotun;F;0.75;39;0.464285714285714;1.0;TH;TH5;Ray_McGotun.png;1.098
266;2.66802651708765;2.70271765247579;;0.98;1.0;0.75;Island;2.61598981400545;1.205;Rayne Holm;MV;0.75;10;0.119047619047619;0.75;ISF;ISF5;Rayne_Holm.png;1.306
267;4.1452605420586;3.98450131203849;10;1.0;0.75;1.0;England;4.3060197720787;1.173;Rean Sharp;VM;0.75;35;0.416666666666667;0.75;LOD;LOD4;Rean_Sharp.png;1.078
268;2.13107606192107;1.91943643291212;;0.9;0.75;0.75;Israel;2.27216914792704;1.38;Rechi Benchai;F;0.75;1;0.0119047619047619;1.0;GE;GE5;Rechi_Benchai.png;1.07142857142857
269;1.59544084555092;1.64007684093325;;1.0;1.0;0.75;Grekland;1.52848685247741;1.05;Reck Scheek;MV;0.75;10;0.119047619047619;0.75;ELD;ELD6;Reck_Scheek.png;1.316
270;3.63775672828577;3.93740795077774;;1.0;0.75;1.0;Tanzania;3.3381055057938;0.8845;Reman Raga;VM;0.75;1;0.0119047619047619;0.75;VIK;VIK5;Reman_Raga.png;1.03
271;3.11089624176206;3.1211921941095;;0.9;0.75;1.0;Kenya;3.10060028941463;1.0;Renan Bilan;VM;0.75;12;0.142857142857143;0.75;PF;PF5;Renan_Bilan.png;1.166
272;1.88712763937187;1.78827176935043;;1.0;0.75;0.75;Israel;1.98598350939332;1.3025;Reni Slachi;HM;1.0;0;0.0;0.75;TBT;TBT4;Reni_Slachi.png;1.082
273;3.58993480082688;4.82696525309814;;1.0;1.0;0.75;Chile;1.73438912241999;1.39;Renzo Euquerio;MV;0.75;0;0.0;0.75;ARK;ARK6;Renzo_Euquerio.png;1.17142857142857
274;3.99207093067781;1.38715827084242;;0.97;0.75;0.75;Uruguay;5.72867937056808;1.5;Rhoran Calexo;F;0.75;0;0.0;1.0;HH;HH6;Rhoran_Calexo.png;0.92
275;2.90397427185485;2.4929767905425;;1.0;0.75;0.75;Australien;3.31497175316719;1.5;Rice Putton;HM;1.0;14;0.166666666666667;0.75;MS;MS4;Rice_Putton.png;1.058
276;4.50832848223881;1.65410076650911;;1.0;0.75;0.75;Kroatien;6.41114695939193;0.772;Richie Stantinchy;F;0.75;5;0.0595238095238095;1.0;SFÅ;SFÅ3;Richie_Stantinchy.png;0.98
277;4.66883402209845;4.80383413095423;12;0.79;1.0;0.75;England;4.46633385881477;1.5;Rick Pearson;MV;0.75;37;0.44047619047619;0.75;SST;SST5;Rick_Pearson.png;1.052
278;2.73748827807035;1.54366934181326;;1.0;0.75;0.75;Finland;3.93130721432743;1.5;Rikkim Samo;HM;1.0;0;0.0;0.75;GC;GC6;Rikkim_Samo.png;0.941666666666667
279;4.05884899644495;3.72479911219343;;1.0;0.75;0.75;Tyskland;4.39289888069647;1.045;Rin Deger;HM;1.0;18;0.214285714285714;0.75;BK;BK3;Rin_Deger.png;1.096
280;2.98270911750435;2.51965430358402;;0.86;0.75;0.75;Island;3.44576393142468;1.49;Rin Wollford;HM;1.0;4;0.0476190476190476;0.75;SS;SS6;Rin_Wollford.png;1.036
281;1.10276966781119;1.18753006838518;;1.0;0.75;0.75;Tanzania;1.01800926723719;1.1165;Ristan Sergeg;HM;1.0;7;0.0833333333333333;0.75;ISF;ISF6;Ristan_Sergeg.png;1.336
282;4.16937525242094;3.74180381507265;;1.0;0.75;0.75;Saudiarabien;4.59694668976923;0.8655;Rizwan Shirzad;HM;1.0;3;0.0357142857142857;0.75;SL;SL6;Rizwan_Shirzad.png;1.125
283;3.97141016572515;3.65478249946688;;1.0;0.75;0.75;Ryssland;4.28803783198342;1.5;Ro Chomon;HM;1.0;19;0.226190476190476;0.75;KS;KS4;Ro_Chomon.png;1.28
284;3.07847495949361;3.17898122018826;;0.93;0.75;0.75;Finland;3.01147078569719;1.5;Robert Hare;F;0.75;1;0.0119047619047619;1.0;EAG;EAG2;Robert_Hare.png;0.944
285;4.62362530602543;4.70105947059348;13;1.0;0.75;1.0;Peru;4.54619114145739;1.5;Roberto Merlo;VM;0.75;1;0.0119047619047619;0.75;EAG;EAG3;Roberto_Merlo.png;0.992
286;3.62178401624446;3.89473748270249;;0.92;1.0;0.75;Ukraina;3.21235381655742;1.4865;Rochan Drimin;MV;0.75;11;0.130952380952381;0.75;EAG;EAG4;Rochan_Drimin.png;0.954
287;3.00551598666472;2.53280269001015;;0.91;0.75;0.75;Holland;3.47822928331929;1.069;Rolf Gross;HM;1.0;7;0.0833333333333333;0.75;EAG;EAG5;Rolf_Gross.png;0.88
288;2.02522636884172;1.88705041121463;;1.0;1.0;0.75;Holland;2.23249030528234;1.0705;Roly Steeny;MV;0.75;6;0.0714285714285714;0.75;HÖ;HÖ4;Roly_Steeny.png;1.186
289;4.27032254276487;4.40400431412075;;1.0;0.75;0.75;Kazakstan;4.13664077140898;1.5;Roman Osparov;HM;1.0;7;0.0833333333333333;0.75;BI;BI5;Roman_Osparov.png;1.07
290;4.80534444270026;4.50303668909494;;1.0;0.75;0.75;Tonga;5.0068829451038;1.5;Roto Perpani;F;0.75;34;0.404761904761905;1.0;NS;NS5;Roto_Perpani.png;1.26
291;1.20682689149874;1.10403949474317;;1.0;0.75;1.0;Danmark;1.3096142882543;1.09;Roudi Mull;VM;0.75;18;0.214285714285714;0.75;MS;MS5;Roudi_Mull.png;1.204
292;3.56109883026571;3.53219737997895;;1.0;0.75;1.0;Tyskland;3.59000028055247;1.5;Roy Hauger;VM;0.75;1;0.0119047619047619;0.75;TBT;TBT5;Roy_Hauger.png;1.08
293;2.31277160464693;3.33667103739732;;1.0;0.75;1.0;Skottland;1.28887217189655;0.984;Rudy O'Shelko;VM;0.75;1;0.0119047619047619;0.75;S;S5;Rudy_O'Shelko.png;1.15714285714286
294;3.41955977595656;4.88994374272468;;1.0;1.0;0.75;Kongo-Kinshasa;1.21398382580438;1.485;Rumbizay Emhondo;MV;0.75;1;0.0119047619047619;0.75;SVF;SVF7;Rumbizay_Emhondo.png;1.03333333333333
295;2.83655399242194;3.88381966579334;;1.0;1.0;0.75;Papua nya guinea;1.26565548236484;1.07;Rundol Quinny;MV;0.75;0;0.0;0.75;CN;CN6;Rundol_Quinny.png;0.98
296;4.80638993215812;4.40684783357179;8;1.0;0.75;0.75;Portugal;5.07275133121567;0.6975;Sã Rico;F;0.75;1;0.0119047619047619;1.0;TBT;TBT6;Sã_Rico.png;0.996
297;3.37604011747796;3.53357235630547;;1.0;1.0;0.75;Uzbekistan;3.1397417592367;1.0975;Samari Rosea;MV;0.75;4;0.0476190476190476;0.75;TA;TA6;Samari_Rosea.png;1.184
298;4.53081168242871;4.4682853867884;;1.0;0.75;0.75;Bolivia;4.59333797806902;1.5;Sãn Carlos;HM;1.0;17;0.202380952380952;0.75;VIK;VIK6;Sãn_Carlos.png;0.968
299;2.34389224099689;2.65750673768698;;1.0;0.75;0.75;Sudan;2.0302777443068;1.0;Sandof Ghad;HM;1.0;0;0.0;0.75;SOL;SOL6;Sandof_Ghad.png;0.925
300;3.8618275177549;0.684426885699365;;1.0;0.75;0.75;Peru;5.98009460579192;1.495;Sandro Ciano;F;0.75;0;0.0;1.0;SOS;SOS5;Sandro_Ciano.png;1.18333333333333
301;4.19715425034235;4.02529817525534;;1.0;1.0;0.75;Egypten;4.45493836297285;1.5;Sani Solar;MV;0.75;13;0.154761904761905;0.75;LION;LION6;Sani_Solar.png;1.034
302;3.12033304959228;1.35074550726028;;1.0;0.75;1.0;Laos;4.88992059192428;1.5;Savan Amrandipur;VM;0.75;7;0.0833333333333333;0.75;GC;GC7;Savan_Amrandipur.png;1.1
303;4.86657791885369;4.65562599172428;;1.0;1.0;0.75;Argentina;5.18300580954781;1.5;Sean Covis;MV;0.75;53;0.630952380952381;0.75;SF;SF5;Sean_Covis.png;1.126
304;3.13547463352251;4.06035258614482;;1.0;0.75;1.0;Australien;2.21059668090019;1.5;Sebastian Heraldy;VM;0.75;0;0.0;0.75;KU;KU6;Sebastian_Heraldy.png;0.908333333333333
305;2.48827082360634;1.84714195363865;;1.0;0.75;1.0;Frankrike;3.12939969357404;1.0;See Fransoa;VM;0.75;16;0.19047619047619;0.75;SSL;SSL7;See_Fransoa.png;1.11
306;3.45443800679213;3.3061914790248;;1.0;0.75;0.75;Sydafrika;3.60268453455946;1.0;Sesam Orina;HM;1.0;26;0.30952380952381;0.75;TG;TG5;Sesam_Orina.png;0.88
307;3.83581160564792;3.86890870318759;;0.97;1.0;0.75;Sydafrika;3.78616595933842;1.07;Shaman Ismal;MV;0.75;5;0.0595238095238095;0.75;KS;KS5;Shaman_Ismal.png;0.908
308;1.56572114930544;2.12761312688542;;1.0;1.0;0.75;Sydafrika;0.722883182935456;1.5;Shane Akay;MV;0.75;0;0.0;0.75;MÖS;MÖS6;Shane_Akay.png;0.991666666666667
309;5.09787066857478;5.27103975174273;20;1.0;0.75;1.0;Taiwan;4.92470158540683;0.9695;Shi Wolware;VM;0.75;33;0.392857142857143;0.75;SSM;SSM5;Shi_Wolware.png;1.024
310;5.45082957140438;5.19081530608539;5;1.0;0.75;0.75;Saudiarabien;5.71084383672336;0.834;Shibam Delhi;HM;1.0;70;0.833333333333333;0.75;DBL;DBL6;Shibam_Delhi.png;1.05
311;2.51444366131972;1.72226684785762;;1.0;0.75;0.75;Japan;3.30662047478182;1.0955;Shinda Masato;HM;1.0;0;0.0;0.75;PBV;PBV4;Shinda_Masato.png;1.07142857142857
312;3.76693573933115;3.87052572940983;;1.0;0.75;0.75;Kina;3.69787574594536;1.38;Si Vor Sang;F;0.75;23;0.273809523809524;1.0;PF;PF6;Si_Vor_Sang.png;0.932
313;2.32977032360015;2.91284124753359;;1.0;1.0;0.75;Sydkorea;1.4551639377;1.21;Si-lok Choe;MV;0.75;0;0.0;0.75;ÖR;ÖR6;Si-lok_Choe.png;1.11666666666667
314;2.37119337820595;3.12725847185461;;1.0;1.0;0.75;Japan;1.23709573773295;1.495;Sin'ichi Kazou;MV;0.75;0;0.0;0.75;SV;SV6;Sin'ichi_Kazou.png;1.06666666666667
315;5.00653761836438;5.05309060257795;13;0.91;0.75;0.75;Tonga;4.97550229555534;1.115;Sinov Skottogall;F;0.75;14;0.166666666666667;1.0;LEO;LEO4;Sinov_Skottogall.png;0.802
316;4.16960967088648;4.13252108646914;8;1.0;0.75;1.0;Uruguay;4.20669825530382;1.5;Sio Jutila;VM;0.75;21;0.25;0.75;TW;TW6;Sio_Jutila.png;0.986
317;3.46892569409451;3.17964012769502;;1.0;0.75;0.75;Kongo-Kinshasa;3.75821126049401;1.5;Sisjo Bahljna;HM;1.0;16;0.19047619047619;0.75;PA;PA4;Sisjo_Bahljna.png;1.148
318;5.31114815316607;5.14940055892059;14;1.0;0.75;0.75;Tjeckien;5.47289574741156;1.5;Sjitomir Izmin;HM;1.0;14;0.166666666666667;0.75;SFA;SFA5;Sjitomir_Izmin.png;0.942
319;3.72288467999562;3.37018712346089;;1.0;0.75;0.75;Danmark;4.07558223653035;1.31;Skov Dosko;HM;1.0;23;0.273809523809524;0.75;LEO;LEO5;Skov_Dosko.png;0.922
320;1.64098153235041;2.21192932910116;;0.99;0.75;1.0;Colombia;1.07003373559966;1.0;Slihxo Gutierrez;VM;0.75;0;0.0;0.75;KN;KN3;Slihxo_Gutierrez.png;0.91
321;4.2893302230884;4.06885956997331;5;1.0;1.0;0.75;Brasilien;4.62003620276104;1.5;Sonati Slavi;MV;0.75;1;0.0119047619047619;0.75;LOD;LOD5;Sonati_Slavi.png;0.93
322;2.63767965272769;1.04436089012496;;1.0;0.75;1.0;Ecuador;4.23099841533041;0.9;Soso Molina;VM;0.75;0;0.0;0.75;VP;VP6;Soso_Molina.png;1.09
323;1.79574655897217;1.70423008677504;;1.0;1.0;0.75;Italien;1.93302126726787;1.5;Stana Jouli;MV;0.75;33;0.392857142857143;0.75;KN;KN4;Stana_Jouli.png;1.00833333333333
324;5.55334759838367;5.73435102338118;1;0.99;0.75;1.0;Ukraina;5.37234417338615;1.4595;Stari Konov;VM;0.75;43;0.511904761904762;0.75;PBV;PBV5;Stari_Konov.png;1.014
325;2.81572819375037;2.73596875656842;;1.0;0.75;0.75;Nya Zeeland;2.89548763093232;1.067;Steewert Skreel;HM;1.0;17;0.202380952380952;0.75;SSM;SSM6;Steewert_Skreel.png;1.032
326;3.50995175073978;3.27190334988323;;1.0;0.75;1.0;Irland;3.74800015159633;1.5;Steve Shannon;VM;0.75;1;0.0119047619047619;0.75;S;S6;Steve_Shannon.png;0.996
327;4.117381929302;3.82162360913351;;1.0;1.0;0.75;Australien;4.56101940955473;0.996;Straw Cleo;MV;0.75;6;0.0714285714285714;0.75;TWL;TWL5;Straw_Cleo.png;1.252
328;3.97094207847572;3.96213992229576;;1.0;1.0;0.75;Österrike;3.98414531274567;1.5;Strivi Wolffgang;MV;0.75;14;0.166666666666667;0.75;DO;DO6;Strivi_Wolffgang.png;1.066
329;2.13734669722905;0.891884284205542;;1.0;0.75;0.75;Slovenien;2.96765497257806;1.0;Svelko Lovic;F;0.75;0;0.0;1.0;BK;BK4;Svelko_Lovic.png;1.10714285714286
330;3.47613075183919;1.38739143620684;;0.99;0.75;0.75;Mexiko;4.86862362892742;0.56;Tacito Eterio;F;0.75;9;0.107142857142857;1.0;LOD;LOD6;Tacito_Eterio.png;1.05
331;2.76521739903816;2.62622845777367;;1.0;0.75;0.75;Ryssland;2.90420634030266;1.48;Tadji Tjerkovski;HM;1.0;19;0.226190476190476;0.75;SOS;SOS6;Tadji_Tjerkovski.png;1.25
332;5.23640582604401;5.11287222065475;2;1.0;0.75;0.75;Sydkorea;5.31876156297019;0.61;Tai Alam;F;0.75;24;0.285714285714286;1.0;SST;SST6;Tai_Alam.png;0.932
333;1.48460371119732;1.66856730836546;;1.0;0.75;0.75;Slovenien;1.36196131308522;1.045;Tanilyev Valarin;F;0.75;0;0.0;1.0;BM;BM5;Tanilyev_Valarin.png;0.95
334;4.48793534447465;4.26890160760949;18;1.0;0.75;1.0;Egypten;4.70696908133981;1.229;Tanitor Shinni;VM;0.75;12;0.142857142857143;0.75;BK;BK5;Tanitor_Shinni.png;0.954
335;3.71294309092233;3.77674530959944;;1.0;1.0;0.75;Egypten;3.61723976290666;1.5;Tari Aldarin;MV;0.75;13;0.154761904761905;0.75;BK;BK6;Tari_Aldarin.png;1.02
336;4.71073231720868;5.01899533634565;18;1.0;0.75;0.75;Kroatien;4.50522363778404;1.037;Ted Viovic;F;0.75;4;0.0476190476190476;1.0;SFÅ;SFÅ4;Ted_Viovic.png;0.902
337;2.73210878575029;2.33450974807221;;1.0;0.75;0.75;Kongo-Kinshasa;2.99717481086901;0.565;Tib Mourbaa;F;0.75;2;0.0238095238095238;1.0;KN;KN5;Tib_Mourbaa.png;0.933333333333333
338;4.58118660333874;4.78933239917293;20;1.0;1.0;0.75;Nya Zeeland;4.26896790958747;0.625;Timmy May;MV;0.75;13;0.154761904761905;0.75;SFÅ;SFÅ5;Timmy_May.png;1.076
339;3.18393924743508;1.54697290895574;;1.0;0.75;1.0;Colombia;4.82090558591441;0.97;Tirso Asturias;VM;0.75;0;0.0;0.75;ELD;ELD7;Tirso_Asturias.png;0.958333333333333
340;3.6332045247362;3.7502027186729;;1.0;0.75;1.0;Sydkorea;3.51620633079949;1.5;Tito Morsa;VM;0.75;18;0.214285714285714;0.75;PA;PA5;Tito_Morsa.png;1.054
341;3.84310490580998;4.10323843545965;;1.0;0.75;0.75;Vietnam;3.66968255271019;1.5;Tiz Lang;F;0.75;3;0.0357142857142857;1.0;HÖ;HÖ5;Tiz_Lang.png;0.98
342;3.85090195122926;5.43467979053564;;1.0;1.0;0.75;Somalia;1.47523519226968;1.0415;Tjick Songa;MV;0.75;7;0.0833333333333333;0.75;PA;PA6;Tjick_Songa.png;1.006
343;4.71969519326036;4.11999665073701;9;1.0;0.75;0.75;Brasilien;5.11949422160925;1.48;Toko Viola;F;0.75;5;0.0595238095238095;1.0;TH;TH6;Toko_Viola.png;1.126
344;5.22027200350816;5.15721069554226;17;1.0;0.75;0.75;Kanada;5.26231287548543;1.5;Tommy Chrose;F;0.75;43;0.511904761904762;1.0;KÄ;KÄ5;Tommy_Chrose.png;1.124
345;5.18533391600704;5.24417769699977;19;1.0;1.0;0.75;Argentina;5.09706824451795;1.5;Ton Facia;MV;0.75;30;0.357142857142857;0.75;PBV;PBV6;Ton_Facia.png;1.09
346;3.10303729146548;3.21145967929187;;1.0;0.75;1.0;Norge;2.9946149036391;1.5;Tor Dyvendal;VM;0.75;4;0.0476190476190476;0.75;TL;TL6;Tor_Dyvendal.png;1.11
347;2.20824586351371;1.95398565164034;;1.0;0.75;1.0;Kenya;2.46250607538708;1.5;Toral Scheral;VM;0.75;1;0.0119047619047619;0.75;KN;KN6;Toral_Scheral.png;1.222
348;5.31994603020795;5.30245662976395;13;1.0;0.75;1.0;Spanien;5.33743543065194;1.495;Tos Ria;VM;0.75;67;0.797619047619048;0.75;KÄ;KÄ6;Tos_Ria.png;1.2
349;5.12703940635225;5.04512539874854;3;1.0;0.75;0.75;Japan;5.18164874475473;1.5;Trivo Mino;F;0.75;21;0.25;1.0;MS;MS6;Trivo_Mino.png;1.016
350;3.61566126868105;3.72322156229654;;1.0;0.75;0.75;Taiwan;3.50810097506556;0.755;Tseng Yao-cun;HM;1.0;0;0.0;0.75;ARK;ARK7;Tseng_Yao-cun.png;1.175
351;1.70461461740098;1.52478352633422;;1.0;0.75;1.0;Uganda;1.88444570846774;1.005;Tumelo Kamirakwo;VM;0.75;0;0.0;0.75;NS;NS6;Tumelo_Kamirakwo.png;0.991666666666667
352;4.71520255182787;4.66922256464979;;1.0;0.75;0.75;Egypten;4.74585587661326;1.495;Tycha Cha;F;0.75;21;0.25;1.0;SF;SF6;Tycha_Cha.png;0.95
353;4.60244649757133;4.32262204888818;;1.0;0.75;1.0;Island;4.88227094625447;0.7495;Ule Deger;VM;0.75;43;0.511904761904762;0.75;SFA;SFA6;Ule_Deger.png;1.252
354;3.7072068471729;4.35322444436867;;1.0;0.75;1.0;Island;3.06118924997713;0.6;Ulfar Rögnavall;VM;0.75;0;0.0;0.75;SFI;SFI6;Ulfar_Rögnavall.png;1.00833333333333
355;3.02230477137712;1.17096054492013;;1.0;0.75;0.75;Norge;4.25653425568178;1.5;Urlanik Skandril;F;0.75;0;0.0;1.0;SV;SV7;Urlanik_Skandril.png;0.991666666666667
356;1.99944671518812;2.57944156914491;;1.0;1.0;0.75;Ecuador;1.12945443425292;0.955;Vargas  Zega;MV;0.75;0;0.0;0.75;COB;COB7;Vargas__Zega.png;1.11666666666667
357;3.80040784511196;2.85268549466909;;1.0;0.75;0.75;Paraguay;4.74813019555482;1.312;Waterio Garza;HM;1.0;0;0.0;0.75;SFÅ;SFÅ6;Waterio_Garza.png;1.1
358;2.6857075047219;2.57291841287025;;1.0;0.75;0.75;Taiwan;2.760900232623;1.0;We Wang;F;0.75;18;0.214285714285714;1.0;TWL;TWL6;We_Wang.png;1.002
359;5.76901556957188;5.72174532340925;1;1.0;0.75;1.0;Kina;5.81628581573452;1.5;Ving Mo Ching;VM;0.75;58;0.69047619047619;0.75;TG;TG6;Ving_Mo_Ching.png;1.144
360;3.09290937791064;3.59694408514728;;1.0;0.75;0.75;Kroatien;2.588874670674;0.5;Vintro Kehzucvic;HM;1.0;0;0.0;0.75;AF;AF7;Vintro_Kehzucvic.png;1.11666666666667
361;3.18601309688048;4.21899685445874;;1.0;0.75;1.0;Kirgizistan;2.15302933930223;1.5;Winzo Manchevo;VM;0.75;5;0.0595238095238095;0.75;KS;KS6;Winzo_Manchevo.png;1.014
362;1.30938820737974;1.57944684911413;;1.0;1.0;0.75;Kuba;0.904300244778161;1.0;Vito Hizvic;MV;0.75;0;0.0;0.75;MÖS;MÖS7;Vito_Hizvic.png;1.10833333333333
363;3.20692732235802;4.61914323656951;;1.0;1.0;0.75;Schweiz;1.08860345104079;1.485;Vizenco Cipriani;MV;0.75;0;0.0;0.75;SOL;SOL7;Vizenco_Cipriani.png;0.966666666666667
364;2.1300983613899;1.12568433390367;;0.99;0.75;0.75;Tjeckien;2.79970771304738;1.45;Vojtìch Draghoslav;F;0.75;1;0.0119047619047619;1.0;BM;BM6;Vojtìch_Draghoslav.png;1.32
365;1.94489684760431;1.96823892198659;;1.0;0.75;0.75;Vietnam;1.92933546468279;1.0175;Volgov Tanshini;F;0.75;2;0.0238095238095238;1.0;EAG;EAG6;Volgov_Tanshini.png;0.95
366;2.3557536291378;2.06226946953026;;1.0;0.75;0.75;Somalia;2.55140973554282;1.18;Woshila Omobolan;F;0.75;0;0.0;1.0;ÖR;ÖR7;Woshila_Omobolan.png;1.225
367;1.41645540232543;1.42749720952658;;1.0;0.75;1.0;Vietnam;1.40541359512428;1.02;Wu Fujin;VM;0.75;1;0.0119047619047619;0.75;BM;BM7;Wu_Fujin.png;0.933333333333333
368;2.69617217830985;1.41618836678733;;0.89;0.75;0.75;Kina;3.97615598983237;1.5;Xiaolin Yi;HM;1.0;4;0.0476190476190476;0.75;NS;NS7;Xiaolin_Yi.png;1.10714285714286
369;4.31545055564983;4.18650661938259;;0.97;0.75;1.0;Vietnam;4.44439449191708;1.5;Xuhan Quach;VM;0.75;0;0.0;0.75;ÖD;ÖD6;Xuhan_Quach.png;1.18333333333333
370;4.18423417243114;4.25086845526732;;1.0;0.75;1.0;Israel;4.11759988959497;0.770000000000001;Yasen Avigdor;VM;0.75;0;0.0;0.75;KN;KN7;Yasen_Avigdor.png;1.34285714285714
371;1.76498282375263;1.62375228847357;;1.0;0.75;0.75;Egypten;1.85913651393867;0.995;Yasseen Xhiliphear;F;0.75;0;0.0;1.0;GE;GE6;Yasseen_Xhiliphear.png;0.95
372;2.65581503568147;3.9232916352155;;1.0;1.0;0.75;Israel;0.754600136380418;1.0795;Yoel Liron;MV;0.75;0;0.0;0.75;LEO;LEO6;Yoel_Liron.png;1.15714285714286
373;3.64994181959812;1.37099688861611;;1.0;0.75;0.75;Turkiet;5.16923844025279;1.5;Yosuf Azad;F;0.75;0;0.0;1.0;SFI;SFI7;Yosuf_Azad.png;1.16666666666667
374;3.93385725132407;3.09402219862519;;1.0;0.75;0.75;Kuba;4.77369230402295;1.5;Yssip Eliodor;HM;1.0;0;0.0;0.75;KU;KU7;Yssip_Eliodor.png;0.958333333333333
375;2.13907007340136;1.31414826120006;;1.0;0.75;1.0;Peru;2.96399188560267;1.0;Zacaris Serafino;VM;0.75;0;0.0;0.75;SOS;SOS7;Zacaris_Serafino.png;0.925
376;3.59237113367362;4.84192416499326;;1.0;1.0;0.75;Colombia;1.71804158669415;1.158;Zavier Myrgolas;MV;0.75;0;0.0;0.75;BI;BI6;Zavier_Myrgolas.png;1.15
377;3.78537619962284;3.46982165916602;16;1.0;0.75;0.75;Chile;3.99574589326072;1.5;Ziee Codan;F;0.75;3;0.0357142857142857;1.0;CHA;CHA6;Ziee_Codan.png;0.994
378;3.86286987396948;5.64973705918661;;1.0;1.0;0.75;Uruguay;1.18256909614379;1.5;Zoko Camilio;MV;0.75;0;0.0;0.75;ZB;ZB6;Zoko_Camilio.png;1.16
379;3.73324903194171;0.938465332447533;;1.0;0.75;0.75;Slovakien;5.59643816493783;1.48;Zonar Cenck;F;0.75;1;0.0119047619047619;1.0;HÖ;HÖ6;Zonar_Cenck.png;1.21666666666667
